"../../../Engine/Plugins/2D/Paper2D/Content/PlaceholderTextures/DummySpriteTexture.ubulk" 0
"../../../Engine/Plugins/2D/Paper2D/Content/PlaceholderTextures/DummySpriteTexture.uasset" 1
"../../../Engine/Plugins/2D/Paper2D/Content/PlaceholderTextures/DummySpriteTexture.uexp" 2
"../../../Engine/Plugins/2D/Paper2D/Content/DummySprite.uasset" 3
"../../../Engine/Plugins/2D/Paper2D/Content/DummySprite.uexp" 4
"../../../Engine/Plugins/2D/Paper2D/Content/DefaultPaperTerrainMaterial.uasset" 5
"../../../Engine/Plugins/2D/Paper2D/Content/DefaultPaperTerrainMaterial.uexp" 6
"../../../Engine/Plugins/FX/NiagaraFluids/Content/NDC_Grid3D_Gas.uasset" 7
"../../../Engine/Plugins/FX/NiagaraFluids/Content/NDC_Grid3D_Gas.uexp" 8
"../../../Engine/Plugins/Animation/ACLPlugin/Content/ACLAnimBoneCompressionSettings.uasset" 9
"../../../Engine/Plugins/Animation/ACLPlugin/Content/ACLAnimBoneCompressionSettings.uexp" 10
"../../../Engine/Content/EngineMaterials/DefaultPhysicalMaterial.uasset" 11
"../../../Engine/Content/EngineMaterials/DefaultPhysicalMaterial.uexp" 12
"../../../Engine/Content/EngineMaterials/DefaultDestructiblePhysicalMaterial.uasset" 13
"../../../Engine/Content/EngineMaterials/DefaultDestructiblePhysicalMaterial.uexp" 14
"../../../Engine/Content/EngineFonts/Faces/DroidSansFallback.uexp" 15
"../../../Engine/Content/EngineFonts/Faces/DroidSansFallback.uasset" 16
"../../../Engine/Content/EngineFonts/Faces/DroidSansFallback.ufont" 17
"../../../Engine/Content/EngineFonts/Faces/RobotoBold.uexp" 18
"../../../Engine/Content/EngineFonts/Faces/RobotoBold.uasset" 19
"../../../Engine/Content/EngineFonts/Faces/RobotoBold.ufont" 20
"../../../Engine/Content/EngineFonts/Faces/RobotoBoldItalic.uexp" 21
"../../../Engine/Content/EngineFonts/Faces/RobotoBoldItalic.uasset" 22
"../../../Engine/Content/EngineFonts/Faces/RobotoBoldItalic.ufont" 23
"../../../Engine/Content/EngineFonts/Faces/RobotoItalic.uexp" 24
"../../../Engine/Content/EngineFonts/Faces/RobotoItalic.uasset" 25
"../../../Engine/Content/EngineFonts/Faces/RobotoItalic.ufont" 26
"../../../Engine/Content/EngineFonts/Faces/RobotoLight.uexp" 27
"../../../Engine/Content/EngineFonts/Faces/RobotoLight.uasset" 28
"../../../Engine/Content/EngineFonts/Faces/RobotoLight.ufont" 29
"../../../Engine/Content/EngineFonts/Faces/RobotoRegular.uexp" 30
"../../../Engine/Content/EngineFonts/Faces/RobotoRegular.uasset" 31
"../../../Engine/Content/EngineFonts/Faces/RobotoRegular.ufont" 32
"../../../Engine/Content/EngineFonts/Roboto.uasset" 33
"../../../Engine/Content/EngineFonts/Roboto.uexp" 34
"../../../Engine/Content/EngineFonts/Faces/DroidSansMono.uexp" 35
"../../../Engine/Content/EngineFonts/Faces/DroidSansMono.uasset" 36
"../../../Engine/Content/EngineFonts/Faces/DroidSansMono.ufont" 37
"../../../Engine/Content/EngineFonts/DroidSansMono.uasset" 38
"../../../Engine/Content/EngineFonts/DroidSansMono.uexp" 39
"../../../Engine/Plugins/Interchange/Runtime/Content/Pipelines/DefaultTexturePipeline.uasset" 40
"../../../Engine/Plugins/Interchange/Runtime/Content/Pipelines/DefaultTexturePipeline.uexp" 41
"../../../Engine/Plugins/Interchange/Runtime/Content/Pipelines/DefaultSceneLevelPipeline.uasset" 42
"../../../Engine/Plugins/Interchange/Runtime/Content/Pipelines/DefaultSceneLevelPipeline.uexp" 43
"../../../Engine/Plugins/Interchange/Runtime/Content/Pipelines/DefaultSceneAssetsPipeline.uasset" 44
"../../../Engine/Plugins/Interchange/Runtime/Content/Pipelines/DefaultSceneAssetsPipeline.uexp" 45
"../../../Engine/Plugins/Interchange/Runtime/Content/Pipelines/DefaultMaterialXPipeline.uasset" 46
"../../../Engine/Plugins/Interchange/Runtime/Content/Pipelines/DefaultMaterialXPipeline.uexp" 47
"../../../Engine/Plugins/Interchange/Runtime/Content/Pipelines/DefaultMaterialPipeline.uasset" 48
"../../../Engine/Plugins/Interchange/Runtime/Content/Pipelines/DefaultMaterialPipeline.uexp" 49
"../../../Engine/Plugins/Interchange/Runtime/Content/Pipelines/DefaultGLTFSceneAssetsPipeline.uasset" 50
"../../../Engine/Plugins/Interchange/Runtime/Content/Pipelines/DefaultGLTFSceneAssetsPipeline.uexp" 51
"../../../Engine/Plugins/Interchange/Runtime/Content/Pipelines/DefaultGLTFPipeline.uasset" 52
"../../../Engine/Plugins/Interchange/Runtime/Content/Pipelines/DefaultGLTFPipeline.uexp" 53
"../../../Engine/Plugins/Interchange/Runtime/Content/Pipelines/DefaultGLTFAssetsPipeline.uasset" 54
"../../../Engine/Plugins/Interchange/Runtime/Content/Pipelines/DefaultGLTFAssetsPipeline.uexp" 55
"../../../Engine/Plugins/Interchange/Runtime/Content/Pipelines/DefaultAssetsPipeline.uasset" 56
"../../../Engine/Plugins/Interchange/Runtime/Content/Pipelines/DefaultAssetsPipeline.uexp" 57
"../../../Engine/Content/EngineSounds/Master.uasset" 58
"../../../Engine/Content/EngineSounds/Master.uexp" 59
"../../../Engine/Content/EngineResources/GradientTexture0.uasset" 60
"../../../Engine/Content/EngineResources/GradientTexture0.uexp" 61
"../../../Engine/Content/EditorResources/S_Actor.ubulk" 62
"../../../Engine/Content/EditorResources/S_Actor.uasset" 63
"../../../Engine/Content/EditorResources/S_Actor.uexp" 64
"../../../Engine/Content/EditorResources/S_Trigger.ubulk" 65
"../../../Engine/Content/EditorResources/S_Trigger.uasset" 66
"../../../Engine/Content/EditorResources/S_Trigger.uexp" 67
"../../../Engine/Content/EditorResources/S_BoxReflectionCapture.uasset" 68
"../../../Engine/Content/EditorResources/S_BoxReflectionCapture.uexp" 69
"../../../Engine/Content/EngineResources/DefaultTexture.ubulk" 70
"../../../Engine/Content/EngineResources/DefaultTexture.uasset" 71
"../../../Engine/Content/EngineResources/DefaultTexture.uexp" 72
"../../../Engine/Content/EditorResources/S_TriggerBox.uasset" 73
"../../../Engine/Content/EditorResources/S_TriggerBox.uexp" 74
"../../../Engine/Content/EditorResources/S_TriggerCapsule.uasset" 75
"../../../Engine/Content/EditorResources/S_TriggerCapsule.uexp" 76
"../../../Engine/Content/EditorResources/S_TriggerSphere.uasset" 77
"../../../Engine/Content/EditorResources/S_TriggerSphere.uexp" 78
"../../../Engine/Content/EngineMeshes/Sphere.ubulk" 79
"../../../Engine/Content/EngineMeshes/Sphere.uasset" 80
"../../../Engine/Content/EngineMeshes/Sphere.uexp" 81
"../../../Engine/Content/EngineResources/DefaultVolumeTexture2D.uasset" 82
"../../../Engine/Content/EngineResources/DefaultVolumeTexture2D.uexp" 83
"../../../Engine/Content/EngineResources/DefaultVolumeTexture.uasset" 84
"../../../Engine/Content/EngineResources/DefaultVolumeTexture.uexp" 85
"../../../Engine/Content/VREditor/TransformGizmo/Xray.uasset" 86
"../../../Engine/Content/VREditor/TransformGizmo/Xray.uexp" 87
"../../../Engine/Content/VREditor/TransformGizmo/Main.uasset" 88
"../../../Engine/Content/VREditor/TransformGizmo/Main.uexp" 89
"../../../Engine/Content/VREditor/TransformGizmo/SM_Sequencer_Node.ubulk" 90
"../../../Engine/Content/VREditor/TransformGizmo/SM_Sequencer_Node.uasset" 91
"../../../Engine/Content/VREditor/TransformGizmo/SM_Sequencer_Node.uexp" 92
"../../../Engine/Content/EditorResources/S_Solver.ubulk" 93
"../../../Engine/Content/EditorResources/S_Solver.uasset" 94
"../../../Engine/Content/EditorResources/S_Solver.uexp" 95
"../../../Engine/Content/EditorMaterials/Camera/CineMat.uasset" 96
"../../../Engine/Content/EditorMaterials/Camera/CineMat.uexp" 97
"../../../Engine/Content/EditorMaterials/Camera/MI_CineMat_Rig.uasset" 98
"../../../Engine/Content/EditorMaterials/Camera/MI_CineMat_Rig.uexp" 99
"../../../Engine/Content/EditorMeshes/Camera/SM_CraneRig_Base.ubulk" 100
"../../../Engine/Content/EditorMeshes/Camera/SM_CraneRig_Base.uasset" 101
"../../../Engine/Content/EditorMeshes/Camera/SM_CraneRig_Base.uexp" 102
"../../../Engine/Content/EditorMeshes/Camera/SM_CraneRig_Arm.ubulk" 103
"../../../Engine/Content/EditorMeshes/Camera/SM_CraneRig_Arm.uasset" 104
"../../../Engine/Content/EditorMeshes/Camera/SM_CraneRig_Arm.uexp" 105
"../../../Engine/Content/EditorMeshes/Camera/SM_CraneRig_Mount.ubulk" 106
"../../../Engine/Content/EditorMeshes/Camera/SM_CraneRig_Mount.uasset" 107
"../../../Engine/Content/EditorMeshes/Camera/SM_CraneRig_Mount.uexp" 108
"../../../Engine/Content/EditorMeshes/Camera/SM_CraneRig_Body.ubulk" 109
"../../../Engine/Content/EditorMeshes/Camera/SM_CraneRig_Body.uasset" 110
"../../../Engine/Content/EditorMeshes/Camera/SM_CraneRig_Body.uexp" 111
"../../../Engine/Content/EditorMeshes/Camera/SM_RailRig_Track.ubulk" 112
"../../../Engine/Content/EditorMeshes/Camera/SM_RailRig_Track.uasset" 113
"../../../Engine/Content/EditorMeshes/Camera/SM_RailRig_Track.uexp" 114
"../../../Engine/Content/EditorMeshes/Camera/SM_RailRig_Mount.ubulk" 115
"../../../Engine/Content/EditorMeshes/Camera/SM_RailRig_Mount.uasset" 116
"../../../Engine/Content/EditorMeshes/Camera/SM_RailRig_Mount.uexp" 117
"../../../Engine/Plugins/2D/Paper2D/Content/DefaultSpriteMaterial.uasset" 118
"../../../Engine/Plugins/2D/Paper2D/Content/DefaultSpriteMaterial.uexp" 119
"../../../Engine/Plugins/2D/Paper2D/Content/OpaqueUnlitSpriteMaterial.uasset" 120
"../../../Engine/Plugins/2D/Paper2D/Content/OpaqueUnlitSpriteMaterial.uexp" 121
"../../../Engine/Plugins/2D/Paper2D/Content/MaskedUnlitSpriteMaterial.uasset" 122
"../../../Engine/Plugins/2D/Paper2D/Content/MaskedUnlitSpriteMaterial.uexp" 123
"../../../Engine/Plugins/NNE/NNEDenoiser/Content/NNE_oidn2-3-0_rt_hdr_calb_cnrm_large__dyn__fp16_opset11_ForwardAlpha.uasset" 124
"../../../Engine/Plugins/NNE/NNEDenoiser/Content/NNE_oidn2-3-0_rt_hdr_calb_cnrm_large__dyn__fp16_opset11_ForwardAlpha.uexp" 125
"../../../Engine/Plugins/NNE/NNEDenoiser/Content/NNE_oidn2-3-0_rt_hdr_calb_cnrm_large__dyn__fp16_opset11_DenoiseAlpha.uasset" 126
"../../../Engine/Plugins/NNE/NNEDenoiser/Content/NNE_oidn2-3-0_rt_hdr_calb_cnrm_large__dyn__fp16_opset11_DenoiseAlpha.uexp" 127
"../../../Engine/Plugins/NNE/NNEDenoiser/Content/NNE_oidn2-3-0_rt_hdr_alb_nrm__dyn__fp16_opset11_ForwardAlpha.uasset" 128
"../../../Engine/Plugins/NNE/NNEDenoiser/Content/NNE_oidn2-3-0_rt_hdr_alb_nrm__dyn__fp16_opset11_ForwardAlpha.uexp" 129
"../../../Engine/Plugins/NNE/NNEDenoiser/Content/NNE_oidn2-3-0_rt_hdr_alb_nrm__dyn__fp16_opset11_DenoiseAlpha.uasset" 130
"../../../Engine/Plugins/NNE/NNEDenoiser/Content/NNE_oidn2-3-0_rt_hdr_alb_nrm__dyn__fp16_opset11_DenoiseAlpha.uexp" 131
"../../../Engine/Plugins/NNE/NNEDenoiser/Content/NNE_oidn2-3-0_rt_hdr_alb_nrm_small__dyn__fp16_opset11_ForwardAlpha.uasset" 132
"../../../Engine/Plugins/NNE/NNEDenoiser/Content/NNE_oidn2-3-0_rt_hdr_alb_nrm_small__dyn__fp16_opset11_ForwardAlpha.uexp" 133
"../../../Engine/Plugins/NNE/NNEDenoiser/Content/NNE_oidn2-3-0_rt_hdr_alb_nrm_small__dyn__fp16_opset11_DenoiseAlpha.uasset" 134
"../../../Engine/Plugins/NNE/NNEDenoiser/Content/NNE_oidn2-3-0_rt_hdr_alb_nrm_small__dyn__fp16_opset11_DenoiseAlpha.uexp" 135
"../../../Engine/Plugins/NNE/NNEDenoiser/Content/NNEDTOM_Output_Default.uasset" 136
"../../../Engine/Plugins/NNE/NNEDenoiser/Content/NNEDTOM_Output_Default.uexp" 137
"../../../Engine/Plugins/NNE/NNEDenoiser/Content/NNEDTOM_Output_Alpha.uasset" 138
"../../../Engine/Plugins/NNE/NNEDenoiser/Content/NNEDTOM_Output_Alpha.uexp" 139
"../../../Engine/Plugins/NNE/NNEDenoiser/Content/NNEDTIM_ColorAlbedoNormal_Default.uasset" 140
"../../../Engine/Plugins/NNE/NNEDenoiser/Content/NNEDTIM_ColorAlbedoNormal_Default.uexp" 141
"../../../Engine/Plugins/NNE/NNEDenoiser/Content/NNEDTIM_ColorAlbedoNormal_Alpha.uasset" 142
"../../../Engine/Plugins/NNE/NNEDenoiser/Content/NNEDTIM_ColorAlbedoNormal_Alpha.uexp" 143
"../../../Engine/Plugins/NNE/NNEDenoiser/Content/NNEDOM_Output_Default.uasset" 144
"../../../Engine/Plugins/NNE/NNEDenoiser/Content/NNEDOM_Output_Default.uexp" 145
"../../../Engine/Plugins/NNE/NNEDenoiser/Content/NNEDOM_Output_Alpha.uasset" 146
"../../../Engine/Plugins/NNE/NNEDenoiser/Content/NNEDOM_Output_Alpha.uexp" 147
"../../../Engine/Plugins/NNE/NNEDenoiser/Content/NNEDIM_HighQuality_Default.uasset" 148
"../../../Engine/Plugins/NNE/NNEDenoiser/Content/NNEDIM_HighQuality_Default.uexp" 149
"../../../Engine/Plugins/NNE/NNEDenoiser/Content/NNEDIM_HighQuality_Alpha.uasset" 150
"../../../Engine/Plugins/NNE/NNEDenoiser/Content/NNEDIM_HighQuality_Alpha.uexp" 151
"../../../Engine/Plugins/NNE/NNEDenoiser/Content/NNEDIM_ColorAlbedoNormal_Default.uasset" 152
"../../../Engine/Plugins/NNE/NNEDenoiser/Content/NNEDIM_ColorAlbedoNormal_Default.uexp" 153
"../../../Engine/Plugins/NNE/NNEDenoiser/Content/NNEDIM_ColorAlbedoNormal_Alpha.uasset" 154
"../../../Engine/Plugins/NNE/NNEDenoiser/Content/NNEDIM_ColorAlbedoNormal_Alpha.uexp" 155
"../../../Engine/Content/EngineMaterials/T_Default_Material_Grid_M.ubulk" 156
"../../../Engine/Content/EngineMaterials/T_Default_Material_Grid_M.uasset" 157
"../../../Engine/Content/EngineMaterials/T_Default_Material_Grid_M.uexp" 158
"../../../Engine/Content/Functions/Engine_MaterialFunctions01/Opacity/CameraDepthFade.uasset" 159
"../../../Engine/Content/Functions/Engine_MaterialFunctions01/Opacity/CameraDepthFade.uexp" 160
"../../../Engine/Content/EngineMaterials/T_Default_Material_Grid_N.ubulk" 161
"../../../Engine/Content/EngineMaterials/T_Default_Material_Grid_N.uasset" 162
"../../../Engine/Content/EngineMaterials/T_Default_Material_Grid_N.uexp" 163
"../../../Engine/Content/EngineMaterials/WorldGridMaterial.uasset" 164
"../../../Engine/Content/EngineMaterials/WorldGridMaterial.uexp" 165
"../../../Engine/Plugins/Media/MediaPlate/Content/SM_MediaPlateScreen.ubulk" 166
"../../../Engine/Plugins/Media/MediaPlate/Content/SM_MediaPlateScreen.uasset" 167
"../../../Engine/Plugins/Media/MediaPlate/Content/SM_MediaPlateScreen.uexp" 168
"../../../Engine/Content/Functions/Engine_MaterialFunctions02/WorldPositionOffset/CameraOffset.uasset" 169
"../../../Engine/Content/Functions/Engine_MaterialFunctions02/WorldPositionOffset/CameraOffset.uexp" 170
"../../../Engine/Plugins/Animation/ControlRig/Content/M_Manip.uasset" 171
"../../../Engine/Plugins/Animation/ControlRig/Content/M_Manip.uexp" 172
"../../../Engine/Content/EngineResources/WhiteSquareTexture.uasset" 173
"../../../Engine/Content/EngineResources/WhiteSquareTexture.uexp" 174
"../../../Engine/Content/EngineMaterials/Widget3DPassThrough.uasset" 175
"../../../Engine/Content/EngineMaterials/Widget3DPassThrough.uexp" 176
"../../../Engine/Content/EngineMaterials/Widget3DPassThrough_Translucent.uasset" 177
"../../../Engine/Content/EngineMaterials/Widget3DPassThrough_Translucent.uexp" 178
"../../../Engine/Content/EngineMaterials/Widget3DPassThrough_Translucent_OneSided.uasset" 179
"../../../Engine/Content/EngineMaterials/Widget3DPassThrough_Translucent_OneSided.uexp" 180
"../../../Engine/Content/EngineMaterials/Widget3DPassThrough_Opaque.uasset" 181
"../../../Engine/Content/EngineMaterials/Widget3DPassThrough_Opaque.uexp" 182
"../../../Engine/Content/EngineMaterials/Widget3DPassThrough_Opaque_OneSided.uasset" 183
"../../../Engine/Content/EngineMaterials/Widget3DPassThrough_Opaque_OneSided.uexp" 184
"../../../Engine/Content/EngineMaterials/Widget3DPassThrough_Masked_OneSided.uasset" 185
"../../../Engine/Content/EngineMaterials/Widget3DPassThrough_Masked_OneSided.uexp" 186
"../../../Engine/Content/EngineMaterials/Widget3DPassThrough_Masked.uasset" 187
"../../../Engine/Content/EngineMaterials/Widget3DPassThrough_Masked.uexp" 188
"../../../Engine/Content/EngineMaterials/WeightMapPlaceholderTexture.uasset" 189
"../../../Engine/Content/EngineMaterials/WeightMapPlaceholderTexture.uexp" 190
"../../../Engine/Content/EngineMaterials/WeightMapArrayPlaceholderTexture.uasset" 191
"../../../Engine/Content/EngineMaterials/WeightMapArrayPlaceholderTexture.uexp" 192
"../../../Engine/Content/EngineMaterials/RemoveSurfaceMaterial.uasset" 193
"../../../Engine/Content/EngineMaterials/RemoveSurfaceMaterial.uexp" 194
"../../../Engine/Content/EngineMaterials/PreintegratedSkinBRDF.uasset" 195
"../../../Engine/Content/EngineMaterials/PreintegratedSkinBRDF.uexp" 196
"../../../Engine/Content/EngineMaterials/DefaultCalibrationGrayscale.uasset" 197
"../../../Engine/Content/EngineMaterials/DefaultCalibrationGrayscale.uexp" 198
"../../../Engine/Content/EngineMaterials/PPM_DefaultCalibrationGrayscale.uasset" 199
"../../../Engine/Content/EngineMaterials/PPM_DefaultCalibrationGrayscale.uexp" 200
"../../../Engine/Content/EngineMaterials/DefaultCalibrationColor.uasset" 201
"../../../Engine/Content/EngineMaterials/DefaultCalibrationColor.uexp" 202
"../../../Engine/Content/EngineMaterials/PPM_DefaultCalibrationColor.uasset" 203
"../../../Engine/Content/EngineMaterials/PPM_DefaultCalibrationColor.uexp" 204
"../../../Engine/Content/EngineMaterials/PhAT_JointLimitMaterial.uasset" 205
"../../../Engine/Content/EngineMaterials/PhAT_JointLimitMaterial.uexp" 206
"../../../Engine/Content/EngineMaterials/NaniteHiddenSectionMaterial.uasset" 207
"../../../Engine/Content/EngineMaterials/NaniteHiddenSectionMaterial.uexp" 208
"../../../Engine/Content/EngineMaterials/InvalidLightmapSettings.ubulk" 209
"../../../Engine/Content/EngineMaterials/InvalidLightmapSettings.uasset" 210
"../../../Engine/Content/EngineMaterials/InvalidLightmapSettings.uexp" 211
"../../../Engine/Content/EngineMaterials/M_InvalidLightmapSettings.uasset" 212
"../../../Engine/Content/EngineMaterials/M_InvalidLightmapSettings.uexp" 213
"../../../Engine/Content/EngineMaterials/MiniFont.uasset" 214
"../../../Engine/Content/EngineMaterials/MiniFont.uexp" 215
"../../../Engine/Content/EngineMaterials/GizmoMaterial.uasset" 216
"../../../Engine/Content/EngineMaterials/GizmoMaterial.uexp" 217
"../../../Engine/Content/EngineMaterials/BaseFlattenDiffuseMap_VT.ubulk" 218
"../../../Engine/Content/EngineMaterials/BaseFlattenDiffuseMap_VT.uasset" 219
"../../../Engine/Content/EngineMaterials/BaseFlattenDiffuseMap_VT.uexp" 220
"../../../Engine/Content/EngineMaterials/BaseFlattenEmissiveMap_VT.ubulk" 221
"../../../Engine/Content/EngineMaterials/BaseFlattenEmissiveMap_VT.uasset" 222
"../../../Engine/Content/EngineMaterials/BaseFlattenEmissiveMap_VT.uexp" 223
"../../../Engine/Content/EngineMaterials/BaseFlattenGrayscaleMap_VT.ubulk" 224
"../../../Engine/Content/EngineMaterials/BaseFlattenGrayscaleMap_VT.uasset" 225
"../../../Engine/Content/EngineMaterials/BaseFlattenGrayscaleMap_VT.uexp" 226
"../../../Engine/Content/EngineMaterials/BaseFlattenLinearColor_VT.ubulk" 227
"../../../Engine/Content/EngineMaterials/BaseFlattenLinearColor_VT.uasset" 228
"../../../Engine/Content/EngineMaterials/BaseFlattenLinearColor_VT.uexp" 229
"../../../Engine/Content/EngineMaterials/BaseFlattenNormalMap_VT.ubulk" 230
"../../../Engine/Content/EngineMaterials/BaseFlattenNormalMap_VT.uasset" 231
"../../../Engine/Content/EngineMaterials/BaseFlattenNormalMap_VT.uexp" 232
"../../../Engine/Content/EngineMaterials/Black_1x1_EXR_Texture_VT.ubulk" 233
"../../../Engine/Content/EngineMaterials/Black_1x1_EXR_Texture_VT.uasset" 234
"../../../Engine/Content/EngineMaterials/Black_1x1_EXR_Texture_VT.uexp" 235
"../../../Engine/Content/EngineMaterials/FlattenMaterial_WS_Normal_VT.uasset" 236
"../../../Engine/Content/EngineMaterials/FlattenMaterial_WS_Normal_VT.uexp" 237
"../../../Engine/Content/EngineMaterials/FlattenMaterial_VT.uasset" 238
"../../../Engine/Content/EngineMaterials/FlattenMaterial_VT.uexp" 239
"../../../Engine/Content/EngineMaterials/BaseFlattenNormalMap.uasset" 240
"../../../Engine/Content/EngineMaterials/BaseFlattenNormalMap.uexp" 241
"../../../Engine/Content/EngineMaterials/BaseFlattenDiffuseMap.uasset" 242
"../../../Engine/Content/EngineMaterials/BaseFlattenDiffuseMap.uexp" 243
"../../../Engine/Content/EngineMaterials/BaseFlattenEmissiveMap.uasset" 244
"../../../Engine/Content/EngineMaterials/BaseFlattenEmissiveMap.uexp" 245
"../../../Engine/Content/EngineMaterials/BaseFlattenGrayscaleMap.uasset" 246
"../../../Engine/Content/EngineMaterials/BaseFlattenGrayscaleMap.uexp" 247
"../../../Engine/Content/EngineMaterials/BaseFlattenLinearColor.uasset" 248
"../../../Engine/Content/EngineMaterials/BaseFlattenLinearColor.uexp" 249
"../../../Engine/Content/Functions/Engine_MaterialFunctions02/PivotPainter2/Black_1x1_EXR_Texture.uasset" 250
"../../../Engine/Content/Functions/Engine_MaterialFunctions02/PivotPainter2/Black_1x1_EXR_Texture.uexp" 251
"../../../Engine/Content/EngineMaterials/FlattenMaterial.uasset" 252
"../../../Engine/Content/EngineMaterials/FlattenMaterial.uexp" 253
"../../../Engine/Content/EngineMaterials/FastBlueNoise_vec2_128x128x64.uasset" 254
"../../../Engine/Content/EngineMaterials/FastBlueNoise_vec2_128x128x64.uexp" 255
"../../../Engine/Content/EngineMaterials/FastBlueNoise_scalar_128x128x8.uasset" 256
"../../../Engine/Content/EngineMaterials/FastBlueNoise_scalar_128x128x8.uexp" 257
"../../../Engine/Content/EngineMaterials/FastBlueNoise_scalar_128x128x64.uasset" 258
"../../../Engine/Content/EngineMaterials/FastBlueNoise_scalar_128x128x64.uexp" 259
"../../../Engine/Content/EngineMaterials/DefaultWhiteGrid_Low.uasset" 260
"../../../Engine/Content/EngineMaterials/DefaultWhiteGrid_Low.uexp" 261
"../../../Engine/Content/EngineMaterials/EmissiveMeshMaterial.uasset" 262
"../../../Engine/Content/EngineMaterials/EmissiveMeshMaterial.uexp" 263
"../../../Engine/Content/EngineMaterials/DefaultWhiteGrid.ubulk" 264
"../../../Engine/Content/EngineMaterials/DefaultWhiteGrid.uasset" 265
"../../../Engine/Content/EngineMaterials/DefaultWhiteGrid.uexp" 266
"../../../Engine/Content/EngineFonts/RobotoDistanceField.uasset" 267
"../../../Engine/Content/EngineFonts/RobotoDistanceField.uexp" 268
"../../../Engine/Content/EngineMaterials/DefaultTextMaterialOpaque.uasset" 269
"../../../Engine/Content/EngineMaterials/DefaultTextMaterialOpaque.uexp" 270
"../../../Engine/Content/Functions/Engine_MaterialFunctions02/Utility/BreakOutFloat2Components.uasset" 271
"../../../Engine/Content/Functions/Engine_MaterialFunctions02/Utility/BreakOutFloat2Components.uexp" 272
"../../../Engine/Content/EngineMaterials/DefaultDiffuse.ubulk" 273
"../../../Engine/Content/EngineMaterials/DefaultDiffuse.uasset" 274
"../../../Engine/Content/EngineMaterials/DefaultDiffuse.uexp" 275
"../../../Engine/Content/EngineMaterials/DefaultPostProcessMaterial.uasset" 276
"../../../Engine/Content/EngineMaterials/DefaultPostProcessMaterial.uexp" 277
"../../../Engine/Content/EngineMaterials/DefaultLightFunctionMaterial.uasset" 278
"../../../Engine/Content/EngineMaterials/DefaultLightFunctionMaterial.uexp" 279
"../../../Engine/Content/EngineMaterials/DefaultDeferredDecalMaterial.uasset" 280
"../../../Engine/Content/EngineMaterials/DefaultDeferredDecalMaterial.uexp" 281
"../../../Engine/Content/EngineMaterials/DefaultBokeh.uasset" 282
"../../../Engine/Content/EngineMaterials/DefaultBokeh.uexp" 283
"../../../Engine/Content/EngineMaterials/DefaultBloomKernel.uasset" 284
"../../../Engine/Content/EngineMaterials/DefaultBloomKernel.uexp" 285
"../../../Engine/Content/Functions/Engine_MaterialFunctions02/Utility/CameraDirectionVector.uasset" 286
"../../../Engine/Content/Functions/Engine_MaterialFunctions02/Utility/CameraDirectionVector.uexp" 287
"../../../Engine/Content/EngineDebugMaterials/VolumeToRender.uasset" 288
"../../../Engine/Content/EngineDebugMaterials/VolumeToRender.uexp" 289
"../../../Engine/Content/EngineDebugMaterials/M_VolumeRenderSphereTracePP.uasset" 290
"../../../Engine/Content/EngineDebugMaterials/M_VolumeRenderSphereTracePP.uexp" 291
"../../../Engine/Content/EngineDebugMaterials/M_SimpleUnlitTranslucent.uasset" 292
"../../../Engine/Content/EngineDebugMaterials/M_SimpleUnlitTranslucent.uexp" 293
"../../../Engine/Content/EngineDebugMaterials/DebugMeshMaterial.uasset" 294
"../../../Engine/Content/EngineDebugMaterials/DebugMeshMaterial.uexp" 295
"../../../Engine/Content/EngineDebugMaterials/DebugEditorMaterial.uasset" 296
"../../../Engine/Content/EngineDebugMaterials/DebugEditorMaterial.uexp" 297
"../../../Engine/Content/EngineDamageTypes/DmgTypeBP_Environmental.uasset" 298
"../../../Engine/Content/EngineDamageTypes/DmgTypeBP_Environmental.uexp" 299
"../../../Engine/Content/EditorResources/S_Terrain.ubulk" 300
"../../../Engine/Content/EditorResources/S_Terrain.uasset" 301
"../../../Engine/Content/EditorResources/S_Terrain.uexp" 302
"../../../Engine/Content/EditorResources/BSPVertex.uasset" 303
"../../../Engine/Content/EditorResources/BSPVertex.uexp" 304
"../../../Engine/Content/EditorMaterials/PreviewShadowIndicator.ubulk" 305
"../../../Engine/Content/EditorMaterials/PreviewShadowIndicator.uasset" 306
"../../../Engine/Content/EditorMaterials/PreviewShadowIndicator.uexp" 307
"../../../Engine/Content/EditorMaterials/PreviewShadowIndicatorMaterial.uasset" 308
"../../../Engine/Content/EditorMaterials/PreviewShadowIndicatorMaterial.uexp" 309
"../../../Engine/Content/EditorMaterials/PhAT_UnselectedMaterial.uasset" 310
"../../../Engine/Content/EditorMaterials/PhAT_UnselectedMaterial.uexp" 311
"../../../Engine/Content/EditorMaterials/PhAT_NoCollisionMaterial.uasset" 312
"../../../Engine/Content/EditorMaterials/PhAT_NoCollisionMaterial.uexp" 313
"../../../Engine/Content/EditorLandscapeResources/SplineEditorMeshMat.uasset" 314
"../../../Engine/Content/EditorLandscapeResources/SplineEditorMeshMat.uexp" 315
"../../../Engine/Content/EditorLandscapeResources/SplineEditorMesh.ubulk" 316
"../../../Engine/Content/EditorLandscapeResources/SplineEditorMesh.uasset" 317
"../../../Engine/Content/EditorLandscapeResources/SplineEditorMesh.uexp" 318
"../../../Engine/Content/EditorLandscapeResources/WhiteSquareTexture.uasset" 319
"../../../Engine/Content/EditorLandscapeResources/WhiteSquareTexture.uexp" 320
"../../../Engine/Content/EditorLandscapeResources/DefaultAlphaTexture.uasset" 321
"../../../Engine/Content/EditorLandscapeResources/DefaultAlphaTexture.uexp" 322
"../../../Engine/Content/Functions/Engine_MaterialFunctions03/Math/WithinRangeFloat2.uasset" 323
"../../../Engine/Content/Functions/Engine_MaterialFunctions03/Math/WithinRangeFloat2.uexp" 324
"../../../Engine/Content/EditorLandscapeResources/SelectBrushMaterial.uasset" 325
"../../../Engine/Content/EditorLandscapeResources/SelectBrushMaterial.uexp" 326
"../../../Engine/Content/EditorLandscapeResources/SelectBrushMaterial_SelectedRegion.uasset" 327
"../../../Engine/Content/EditorLandscapeResources/SelectBrushMaterial_SelectedRegion.uexp" 328
"../../../Engine/Content/EditorLandscapeResources/SelectBrushMaterial_Selected.uasset" 329
"../../../Engine/Content/EditorLandscapeResources/SelectBrushMaterial_Selected.uexp" 330
"../../../Engine/Content/Functions/Engine_MaterialFunctions02/Utility/MakeFloat3.uasset" 331
"../../../Engine/Content/Functions/Engine_MaterialFunctions02/Utility/MakeFloat3.uexp" 332
"../../../Engine/Content/EditorLandscapeResources/MaskBrushMaterial.uasset" 333
"../../../Engine/Content/EditorLandscapeResources/MaskBrushMaterial.uexp" 334
"../../../Engine/Content/EditorLandscapeResources/MaskBrushMaterial_MaskedRegion.uasset" 335
"../../../Engine/Content/EditorLandscapeResources/MaskBrushMaterial_MaskedRegion.uexp" 336
"../../../Engine/Content/EditorLandscapeResources/LayerVisMaterial.uasset" 337
"../../../Engine/Content/EditorLandscapeResources/LayerVisMaterial.uexp" 338
"../../../Engine/Content/Functions/Engine_MaterialFunctions01/Texturing/ScaleUVsByCenter.uasset" 339
"../../../Engine/Content/Functions/Engine_MaterialFunctions01/Texturing/ScaleUVsByCenter.uexp" 340
"../../../Engine/Content/Functions/Engine_MaterialFunctions02/WorldPositionOffset/LocalPosition.uasset" 341
"../../../Engine/Content/Functions/Engine_MaterialFunctions02/WorldPositionOffset/LocalPosition.uexp" 342
"../../../Engine/Content/Functions/Engine_MaterialFunctions01/Texturing/TextureCropping.uasset" 343
"../../../Engine/Content/Functions/Engine_MaterialFunctions01/Texturing/TextureCropping.uexp" 344
"../../../Engine/Content/Functions/Engine_MaterialFunctions02/ExampleContent/DebugNumberStrip.uasset" 345
"../../../Engine/Content/Functions/Engine_MaterialFunctions02/ExampleContent/DebugNumberStrip.uexp" 346
"../../../Engine/Content/Functions/Engine_MaterialFunctions01/Debug/DebugIntValues.uasset" 347
"../../../Engine/Content/Functions/Engine_MaterialFunctions01/Debug/DebugIntValues.uexp" 348
"../../../Engine/Content/EditorLandscapeResources/LandscapeLayerUsageMaterial.uasset" 349
"../../../Engine/Content/EditorLandscapeResources/LandscapeLayerUsageMaterial.uexp" 350
"../../../Engine/Content/EditorLandscapeResources/LandscapeDirtyMaterial.uasset" 351
"../../../Engine/Content/EditorLandscapeResources/LandscapeDirtyMaterial.uexp" 352
"../../../Engine/Content/EditorLandscapeResources/ColorMaskBrushMaterial.uasset" 353
"../../../Engine/Content/EditorLandscapeResources/ColorMaskBrushMaterial.uexp" 354
"../../../Engine/Content/EditorLandscapeResources/ColorMaskBrushMaterial_MaskedRegion.uasset" 355
"../../../Engine/Content/EditorLandscapeResources/ColorMaskBrushMaterial_MaskedRegion.uexp" 356
"../../../Engine/Content/EngineMaterials/DefaultMaterial.uasset" 357
"../../../Engine/Content/EngineMaterials/DefaultMaterial.uexp" 358
"../../../Engine/Content/BasicShapes/Sphere.ubulk" 359
"../../../Engine/Content/BasicShapes/Sphere.uasset" 360
"../../../Engine/Content/BasicShapes/Sphere.uexp" 361
"../../../Engine/Content/BasicShapes/Cylinder.ubulk" 362
"../../../Engine/Content/BasicShapes/Cylinder.uasset" 363
"../../../Engine/Content/BasicShapes/Cylinder.uexp" 364
"../../../Engine/Content/BasicShapes/Cone.ubulk" 365
"../../../Engine/Content/BasicShapes/Cone.uasset" 366
"../../../Engine/Content/BasicShapes/Cone.uexp" 367
"../../../Engine/Plugins/VirtualProduction/CameraCalibrationCore/Content/Materials/M_DefaultOddSquare.uasset" 368
"../../../Engine/Plugins/VirtualProduction/CameraCalibrationCore/Content/Materials/M_DefaultOddSquare.uexp" 369
"../../../Engine/Plugins/VirtualProduction/CameraCalibrationCore/Content/Materials/M_DefaultEvenSquare.uasset" 370
"../../../Engine/Plugins/VirtualProduction/CameraCalibrationCore/Content/Materials/M_DefaultEvenSquare.uexp" 371
"../../../Engine/Plugins/Runtime/HairStrands/Content/Materials/HairMeshesDefaultMaterial.uasset" 372
"../../../Engine/Plugins/Runtime/HairStrands/Content/Materials/HairMeshesDefaultMaterial.uexp" 373
"../../../Engine/Plugins/Runtime/HairStrands/Content/Materials/HairDefaultMaterial.uasset" 374
"../../../Engine/Plugins/Runtime/HairStrands/Content/Materials/HairDefaultMaterial.uexp" 375
"../../../Engine/Content/Functions/Engine_MaterialFunctions02/Utility/MakeFloat2.uasset" 376
"../../../Engine/Content/Functions/Engine_MaterialFunctions02/Utility/MakeFloat2.uexp" 377
"../../../Engine/Content/EngineMaterials/HairDebugColor.uasset" 378
"../../../Engine/Content/EngineMaterials/HairDebugColor.uexp" 379
"../../../Engine/Content/EngineMaterials/HairColorMap.uasset" 380
"../../../Engine/Content/EngineMaterials/HairColorMap.uexp" 381
"../../../Engine/Plugins/Runtime/HairStrands/Content/Materials/HairGroupColors.uasset" 382
"../../../Engine/Plugins/Runtime/HairStrands/Content/Materials/HairGroupColors.uexp" 383
"../../../Engine/Plugins/Runtime/HairStrands/Content/Materials/HairDebugMaterial.uasset" 384
"../../../Engine/Plugins/Runtime/HairStrands/Content/Materials/HairDebugMaterial.uexp" 385
"../../../Engine/Plugins/Runtime/HairStrands/Content/Materials/HairCardsDefaultMaterial.uasset" 386
"../../../Engine/Plugins/Runtime/HairStrands/Content/Materials/HairCardsDefaultMaterial.uexp" 387
"../../../Engine/Plugins/Runtime/AudioWidgets/Content/Resources/ScrubHandleDown_Clamped.uasset" 388
"../../../Engine/Plugins/Runtime/AudioWidgets/Content/Resources/ScrubHandleDown_Clamped.uexp" 389
"../../../Engine/Plugins/Interchange/Assets/Content/Functions/MX_UsdPreviewSurface.uasset" 390
"../../../Engine/Plugins/Interchange/Assets/Content/Functions/MX_UsdPreviewSurface.uexp" 391
"../../../Engine/Plugins/Interchange/Assets/Content/Functions/MX_UniformEDF.uasset" 392
"../../../Engine/Plugins/Interchange/Assets/Content/Functions/MX_UniformEDF.uexp" 393
"../../../Engine/Plugins/Interchange/Assets/Content/Functions/MX_TranslucentBSDF.uasset" 394
"../../../Engine/Plugins/Interchange/Assets/Content/Functions/MX_TranslucentBSDF.uexp" 395
"../../../Engine/Plugins/Interchange/Assets/Content/Functions/MX_ThinFilmBSDF.uasset" 396
"../../../Engine/Plugins/Interchange/Assets/Content/Functions/MX_ThinFilmBSDF.uexp" 397
"../../../Engine/Plugins/Interchange/Assets/Content/Functions/MX_SurfaceUnlit.uasset" 398
"../../../Engine/Plugins/Interchange/Assets/Content/Functions/MX_SurfaceUnlit.uexp" 399
"../../../Engine/Plugins/Interchange/Assets/Content/Functions/MX_Surface.uasset" 400
"../../../Engine/Plugins/Interchange/Assets/Content/Functions/MX_Surface.uexp" 401
"../../../Engine/Plugins/Interchange/Assets/Content/Functions/MX_SubsurfaceBSDF.uasset" 402
"../../../Engine/Plugins/Interchange/Assets/Content/Functions/MX_SubsurfaceBSDF.uexp" 403
"../../../Engine/Plugins/Interchange/Assets/Content/Functions/MX_SheenBSDF.uasset" 404
"../../../Engine/Plugins/Interchange/Assets/Content/Functions/MX_SheenBSDF.uexp" 405
"../../../Engine/Plugins/Interchange/Assets/Content/Functions/MX_OrenNayarBSDF.uasset" 406
"../../../Engine/Plugins/Interchange/Assets/Content/Functions/MX_OrenNayarBSDF.uexp" 407
"../../../Engine/Plugins/Interchange/Assets/Content/Functions/MF_IridescenceNoLUT.uasset" 408
"../../../Engine/Plugins/Interchange/Assets/Content/Functions/MF_IridescenceNoLUT.uexp" 409
"../../../Engine/Plugins/Interchange/Assets/Content/Functions/MX_StandardSurface.uasset" 410
"../../../Engine/Plugins/Interchange/Assets/Content/Functions/MX_StandardSurface.uexp" 411
"../../../Engine/Plugins/Interchange/Assets/Content/Functions/MX_TransmissionSurface.uasset" 412
"../../../Engine/Plugins/Interchange/Assets/Content/Functions/MX_TransmissionSurface.uexp" 413
"../../../Engine/Plugins/Interchange/Assets/Content/Functions/MX_OpenPBR_Translucent.uasset" 414
"../../../Engine/Plugins/Interchange/Assets/Content/Functions/MX_OpenPBR_Translucent.uexp" 415
"../../../Engine/Plugins/Interchange/Assets/Content/Functions/MX_OpenPBR_Opaque.uasset" 416
"../../../Engine/Plugins/Interchange/Assets/Content/Functions/MX_OpenPBR_Opaque.uexp" 417
"../../../Engine/Plugins/Interchange/Assets/Content/Functions/MX_MeasuredEDF.uasset" 418
"../../../Engine/Plugins/Interchange/Assets/Content/Functions/MX_MeasuredEDF.uexp" 419
"../../../Engine/Plugins/Interchange/Assets/Content/Functions/MX_GeneralizedSchlickBSDF.uasset" 420
"../../../Engine/Plugins/Interchange/Assets/Content/Functions/MX_GeneralizedSchlickBSDF.uexp" 421
"../../../Engine/Plugins/Interchange/Assets/Content/Functions/MX_Displacement.uasset" 422
"../../../Engine/Plugins/Interchange/Assets/Content/Functions/MX_Displacement.uexp" 423
"../../../Engine/Plugins/Interchange/Assets/Content/Functions/MX_DielectricBSDF.uasset" 424
"../../../Engine/Plugins/Interchange/Assets/Content/Functions/MX_DielectricBSDF.uexp" 425
"../../../Engine/Plugins/Interchange/Assets/Content/Functions/MX_ConicalEDF.uasset" 426
"../../../Engine/Plugins/Interchange/Assets/Content/Functions/MX_ConicalEDF.uexp" 427
"../../../Engine/Plugins/Interchange/Assets/Content/Functions/MX_ConductorBSDF.uasset" 428
"../../../Engine/Plugins/Interchange/Assets/Content/Functions/MX_ConductorBSDF.uexp" 429
"../../../Engine/Plugins/Interchange/Assets/Content/Functions/MX_BurleyDiffuseBSDF.uasset" 430
"../../../Engine/Plugins/Interchange/Assets/Content/Functions/MX_BurleyDiffuseBSDF.uexp" 431
"../../../Engine/Plugins/Interchange/Assets/Content/Functions/MX_AnisotropicVDF.uasset" 432
"../../../Engine/Plugins/Interchange/Assets/Content/Functions/MX_AnisotropicVDF.uexp" 433
"../../../Engine/Plugins/Interchange/Assets/Content/Functions/MX_AbsorptionVDF.uasset" 434
"../../../Engine/Plugins/Interchange/Assets/Content/Functions/MX_AbsorptionVDF.uexp" 435
"../../../Engine/Content/Functions/Engine_MaterialFunctions02/Utility/VectorLength.uasset" 436
"../../../Engine/Content/Functions/Engine_MaterialFunctions02/Utility/VectorLength.uexp" 437
"../../../Engine/Content/Functions/Engine_MaterialFunctions02/WorldPositionOffset/ObjectScale.uasset" 438
"../../../Engine/Content/Functions/Engine_MaterialFunctions02/WorldPositionOffset/ObjectScale.uexp" 439
"../../../Engine/Content/Functions/Engine_MaterialFunctions02/Utility/BreakOutFloat3Components.uasset" 440
"../../../Engine/Content/Functions/Engine_MaterialFunctions02/Utility/BreakOutFloat3Components.uexp" 441
"../../../Engine/Content/Functions/Engine_MaterialFunctions02/SafeNormalize.uasset" 442
"../../../Engine/Content/Functions/Engine_MaterialFunctions02/SafeNormalize.uexp" 443
"../../../Engine/Plugins/Editor/SpeedTreeImporter/Content/SpeedTree9/UnpackInteger3.uasset" 444
"../../../Engine/Plugins/Editor/SpeedTreeImporter/Content/SpeedTree9/UnpackInteger3.uexp" 445
"../../../Engine/Plugins/Editor/SpeedTreeImporter/Content/SpeedTree9/UnpackDirection.uasset" 446
"../../../Engine/Plugins/Editor/SpeedTreeImporter/Content/SpeedTree9/UnpackDirection.uexp" 447
"../../../Engine/Plugins/Editor/SpeedTreeImporter/Content/SpeedTree9/game_wind_noise.ubulk" 448
"../../../Engine/Plugins/Editor/SpeedTreeImporter/Content/SpeedTree9/game_wind_noise.uasset" 449
"../../../Engine/Plugins/Editor/SpeedTreeImporter/Content/SpeedTree9/game_wind_noise.uexp" 450
"../../../Engine/Plugins/Editor/SpeedTreeImporter/Content/SpeedTree9/SpeedTreeWindMotion.uasset" 451
"../../../Engine/Plugins/Editor/SpeedTreeImporter/Content/SpeedTree9/SpeedTreeWindMotion.uexp" 452
"../../../Engine/Plugins/Editor/SpeedTreeImporter/Content/SpeedTree9/SpeedTreeBranchMotion.uasset" 453
"../../../Engine/Plugins/Editor/SpeedTreeImporter/Content/SpeedTree9/SpeedTreeBranchMotion.uexp" 454
"../../../Engine/Content/Functions/Engine_MaterialFunctions02/ObjectLocalBounds.uasset" 455
"../../../Engine/Content/Functions/Engine_MaterialFunctions02/ObjectLocalBounds.uexp" 456
"../../../Engine/Content/Functions/Engine_MaterialFunctions02/UVs/BoundingBoxBased_0-1_UVW.uasset" 457
"../../../Engine/Content/Functions/Engine_MaterialFunctions02/UVs/BoundingBoxBased_0-1_UVW.uexp" 458
"../../../Engine/Plugins/Editor/SpeedTreeImporter/Content/SpeedTree9/SpeedTreeWind.uasset" 459
"../../../Engine/Plugins/Editor/SpeedTreeImporter/Content/SpeedTree9/SpeedTreeWind.uexp" 460
"../../../Engine/Plugins/Editor/SpeedTreeImporter/Content/SpeedTree9/SpeedTreeCameraFacing.uasset" 461
"../../../Engine/Plugins/Editor/SpeedTreeImporter/Content/SpeedTree9/SpeedTreeCameraFacing.uexp" 462
"../../../Engine/Plugins/Editor/SpeedTreeImporter/Content/SpeedTree9/EmptyNormal.uasset" 463
"../../../Engine/Plugins/Editor/SpeedTreeImporter/Content/SpeedTree9/EmptyNormal.uexp" 464
"../../../Engine/Plugins/Editor/SpeedTreeImporter/Content/SpeedTree9/Empty.uasset" 465
"../../../Engine/Plugins/Editor/SpeedTreeImporter/Content/SpeedTree9/Empty.uexp" 466
"../../../Engine/Plugins/Editor/SpeedTreeImporter/Content/SpeedTree9/SpeedTreeMaster.uasset" 467
"../../../Engine/Plugins/Editor/SpeedTreeImporter/Content/SpeedTree9/SpeedTreeMaster.uexp" 468
"../../../Engine/Plugins/Editor/SpeedTreeImporter/Content/SpeedTree9/SpeedTreeBillboard.uasset" 469
"../../../Engine/Plugins/Editor/SpeedTreeImporter/Content/SpeedTree9/SpeedTreeBillboard.uexp" 470
"../../../Engine/Plugins/Editor/SpeedTreeImporter/Content/SpeedTree9/SpeedTreeBillboardMaster.uasset" 471
"../../../Engine/Plugins/Editor/SpeedTreeImporter/Content/SpeedTree9/SpeedTreeBillboardMaster.uexp" 472
"../../../Engine/Plugins/Animation/ControlRig/Content/Controls/ControlRig_Wedge_solid.ubulk" 473
"../../../Engine/Plugins/Animation/ControlRig/Content/Controls/ControlRig_Wedge_solid.uasset" 474
"../../../Engine/Plugins/Animation/ControlRig/Content/Controls/ControlRig_Wedge_solid.uexp" 475
"../../../Engine/Plugins/Animation/ControlRig/Content/Controls/ControlRig_Wedge_3mm.ubulk" 476
"../../../Engine/Plugins/Animation/ControlRig/Content/Controls/ControlRig_Wedge_3mm.uasset" 477
"../../../Engine/Plugins/Animation/ControlRig/Content/Controls/ControlRig_Wedge_3mm.uexp" 478
"../../../Engine/Plugins/Animation/ControlRig/Content/Controls/ControlRig_Wedge_1mm.ubulk" 479
"../../../Engine/Plugins/Animation/ControlRig/Content/Controls/ControlRig_Wedge_1mm.uasset" 480
"../../../Engine/Plugins/Animation/ControlRig/Content/Controls/ControlRig_Wedge_1mm.uexp" 481
"../../../Engine/Plugins/Animation/ControlRig/Content/Controls/ControlRig_Triangle_solid.ubulk" 482
"../../../Engine/Plugins/Animation/ControlRig/Content/Controls/ControlRig_Triangle_solid.uasset" 483
"../../../Engine/Plugins/Animation/ControlRig/Content/Controls/ControlRig_Triangle_solid.uexp" 484
"../../../Engine/Plugins/Animation/ControlRig/Content/Controls/ControlRig_Triangle_3mm.ubulk" 485
"../../../Engine/Plugins/Animation/ControlRig/Content/Controls/ControlRig_Triangle_3mm.uasset" 486
"../../../Engine/Plugins/Animation/ControlRig/Content/Controls/ControlRig_Triangle_3mm.uexp" 487
"../../../Engine/Plugins/Animation/ControlRig/Content/Controls/ControlRig_Triangle_1mm.ubulk" 488
"../../../Engine/Plugins/Animation/ControlRig/Content/Controls/ControlRig_Triangle_1mm.uasset" 489
"../../../Engine/Plugins/Animation/ControlRig/Content/Controls/ControlRig_Triangle_1mm.uexp" 490
"../../../Engine/Plugins/Animation/ControlRig/Content/Controls/ControlRig_Star4_solid.ubulk" 491
"../../../Engine/Plugins/Animation/ControlRig/Content/Controls/ControlRig_Star4_solid.uasset" 492
"../../../Engine/Plugins/Animation/ControlRig/Content/Controls/ControlRig_Star4_solid.uexp" 493
"../../../Engine/Plugins/Animation/ControlRig/Content/Controls/ControlRig_Star4_3mm.ubulk" 494
"../../../Engine/Plugins/Animation/ControlRig/Content/Controls/ControlRig_Star4_3mm.uasset" 495
"../../../Engine/Plugins/Animation/ControlRig/Content/Controls/ControlRig_Star4_3mm.uexp" 496
"../../../Engine/Plugins/Animation/ControlRig/Content/Controls/ControlRig_Star4_1mm.ubulk" 497
"../../../Engine/Plugins/Animation/ControlRig/Content/Controls/ControlRig_Star4_1mm.uasset" 498
"../../../Engine/Plugins/Animation/ControlRig/Content/Controls/ControlRig_Star4_1mm.uexp" 499
"../../../Engine/Plugins/Animation/ControlRig/Content/Controls/ControlRig_Square_solid.ubulk" 500
"../../../Engine/Plugins/Animation/ControlRig/Content/Controls/ControlRig_Square_solid.uasset" 501
"../../../Engine/Plugins/Animation/ControlRig/Content/Controls/ControlRig_Square_solid.uexp" 502
"../../../Engine/Plugins/Animation/ControlRig/Content/Controls/ControlRig_Square_3mm.ubulk" 503
"../../../Engine/Plugins/Animation/ControlRig/Content/Controls/ControlRig_Square_3mm.uasset" 504
"../../../Engine/Plugins/Animation/ControlRig/Content/Controls/ControlRig_Square_3mm.uexp" 505
"../../../Engine/Plugins/Animation/ControlRig/Content/Controls/ControlRig_Square_1mm.ubulk" 506
"../../../Engine/Plugins/Animation/ControlRig/Content/Controls/ControlRig_Square_1mm.uasset" 507
"../../../Engine/Plugins/Animation/ControlRig/Content/Controls/ControlRig_Square_1mm.uexp" 508
"../../../Engine/Plugins/Animation/ControlRig/Content/Controls/ControlRig_Sphere_solid.ubulk" 509
"../../../Engine/Plugins/Animation/ControlRig/Content/Controls/ControlRig_Sphere_solid.uasset" 510
"../../../Engine/Plugins/Animation/ControlRig/Content/Controls/ControlRig_Sphere_solid.uexp" 511
"../../../Engine/Plugins/Animation/ControlRig/Content/Controls/ControlRig_Sphere_3mm.ubulk" 512
"../../../Engine/Plugins/Animation/ControlRig/Content/Controls/ControlRig_Sphere_3mm.uasset" 513
"../../../Engine/Plugins/Animation/ControlRig/Content/Controls/ControlRig_Sphere_3mm.uexp" 514
"../../../Engine/Plugins/Animation/ControlRig/Content/Controls/ControlRig_Sphere_1mm.ubulk" 515
"../../../Engine/Plugins/Animation/ControlRig/Content/Controls/ControlRig_Sphere_1mm.uasset" 516
"../../../Engine/Plugins/Animation/ControlRig/Content/Controls/ControlRig_Sphere_1mm.uexp" 517
"../../../Engine/Plugins/Animation/ControlRig/Content/Controls/ControlRig_RoundedTriangle_solid.ubulk" 518
"../../../Engine/Plugins/Animation/ControlRig/Content/Controls/ControlRig_RoundedTriangle_solid.uasset" 519
"../../../Engine/Plugins/Animation/ControlRig/Content/Controls/ControlRig_RoundedTriangle_solid.uexp" 520
"../../../Engine/Plugins/Animation/ControlRig/Content/Controls/ControlRig_RoundedTriangle_3mm.ubulk" 521
"../../../Engine/Plugins/Animation/ControlRig/Content/Controls/ControlRig_RoundedTriangle_3mm.uasset" 522
"../../../Engine/Plugins/Animation/ControlRig/Content/Controls/ControlRig_RoundedTriangle_3mm.uexp" 523
"../../../Engine/Plugins/Animation/ControlRig/Content/Controls/ControlRig_RoundedTriangle_1mm.ubulk" 524
"../../../Engine/Plugins/Animation/ControlRig/Content/Controls/ControlRig_RoundedTriangle_1mm.uasset" 525
"../../../Engine/Plugins/Animation/ControlRig/Content/Controls/ControlRig_RoundedTriangle_1mm.uexp" 526
"../../../Engine/Plugins/Animation/ControlRig/Content/Controls/ControlRig_RoundedSquare_solid.ubulk" 527
"../../../Engine/Plugins/Animation/ControlRig/Content/Controls/ControlRig_RoundedSquare_solid.uasset" 528
"../../../Engine/Plugins/Animation/ControlRig/Content/Controls/ControlRig_RoundedSquare_solid.uexp" 529
"../../../Engine/Plugins/Animation/ControlRig/Content/Controls/ControlRig_RoundedSquare_3mm.ubulk" 530
"../../../Engine/Plugins/Animation/ControlRig/Content/Controls/ControlRig_RoundedSquare_3mm.uasset" 531
"../../../Engine/Plugins/Animation/ControlRig/Content/Controls/ControlRig_RoundedSquare_3mm.uexp" 532
"../../../Engine/Plugins/Animation/ControlRig/Content/Controls/ControlRig_RoundedSquare_1mm.ubulk" 533
"../../../Engine/Plugins/Animation/ControlRig/Content/Controls/ControlRig_RoundedSquare_1mm.uasset" 534
"../../../Engine/Plugins/Animation/ControlRig/Content/Controls/ControlRig_RoundedSquare_1mm.uexp" 535
"../../../Engine/Plugins/Animation/ControlRig/Content/Controls/ControlRig_QuarterCircle_solid.ubulk" 536
"../../../Engine/Plugins/Animation/ControlRig/Content/Controls/ControlRig_QuarterCircle_solid.uasset" 537
"../../../Engine/Plugins/Animation/ControlRig/Content/Controls/ControlRig_QuarterCircle_solid.uexp" 538
"../../../Engine/Plugins/Animation/ControlRig/Content/Controls/ControlRig_QuarterCircle_3mm.ubulk" 539
"../../../Engine/Plugins/Animation/ControlRig/Content/Controls/ControlRig_QuarterCircle_3mm.uasset" 540
"../../../Engine/Plugins/Animation/ControlRig/Content/Controls/ControlRig_QuarterCircle_3mm.uexp" 541
"../../../Engine/Plugins/Animation/ControlRig/Content/Controls/ControlRig_QuarterCircle_1mm.ubulk" 542
"../../../Engine/Plugins/Animation/ControlRig/Content/Controls/ControlRig_QuarterCircle_1mm.uasset" 543
"../../../Engine/Plugins/Animation/ControlRig/Content/Controls/ControlRig_QuarterCircle_1mm.uexp" 544
"../../../Engine/Plugins/Animation/ControlRig/Content/Controls/ControlRig_Pyramid_solid.ubulk" 545
"../../../Engine/Plugins/Animation/ControlRig/Content/Controls/ControlRig_Pyramid_solid.uasset" 546
"../../../Engine/Plugins/Animation/ControlRig/Content/Controls/ControlRig_Pyramid_solid.uexp" 547
"../../../Engine/Plugins/Animation/ControlRig/Content/Controls/ControlRig_Pyramid_3mm.ubulk" 548
"../../../Engine/Plugins/Animation/ControlRig/Content/Controls/ControlRig_Pyramid_3mm.uasset" 549
"../../../Engine/Plugins/Animation/ControlRig/Content/Controls/ControlRig_Pyramid_3mm.uexp" 550
"../../../Engine/Plugins/Animation/ControlRig/Content/Controls/ControlRig_Pyramid_1mm.ubulk" 551
"../../../Engine/Plugins/Animation/ControlRig/Content/Controls/ControlRig_Pyramid_1mm.uasset" 552
"../../../Engine/Plugins/Animation/ControlRig/Content/Controls/ControlRig_Pyramid_1mm.uexp" 553
"../../../Engine/Plugins/Animation/ControlRig/Content/Controls/ControlRig_Octagon_solid.ubulk" 554
"../../../Engine/Plugins/Animation/ControlRig/Content/Controls/ControlRig_Octagon_solid.uasset" 555
"../../../Engine/Plugins/Animation/ControlRig/Content/Controls/ControlRig_Octagon_solid.uexp" 556
"../../../Engine/Plugins/Animation/ControlRig/Content/Controls/ControlRig_Octagon_3mm.ubulk" 557
"../../../Engine/Plugins/Animation/ControlRig/Content/Controls/ControlRig_Octagon_3mm.uasset" 558
"../../../Engine/Plugins/Animation/ControlRig/Content/Controls/ControlRig_Octagon_3mm.uexp" 559
"../../../Engine/Plugins/Animation/ControlRig/Content/Controls/ControlRig_Octagon_1mm.ubulk" 560
"../../../Engine/Plugins/Animation/ControlRig/Content/Controls/ControlRig_Octagon_1mm.uasset" 561
"../../../Engine/Plugins/Animation/ControlRig/Content/Controls/ControlRig_Octagon_1mm.uexp" 562
"../../../Engine/Plugins/Animation/ControlRig/Content/Controls/ControlRig_Hexagon_solid.ubulk" 563
"../../../Engine/Plugins/Animation/ControlRig/Content/Controls/ControlRig_Hexagon_solid.uasset" 564
"../../../Engine/Plugins/Animation/ControlRig/Content/Controls/ControlRig_Hexagon_solid.uexp" 565
"../../../Engine/Plugins/Animation/ControlRig/Content/Controls/ControlRig_Hexagon_3mm.ubulk" 566
"../../../Engine/Plugins/Animation/ControlRig/Content/Controls/ControlRig_Hexagon_3mm.uasset" 567
"../../../Engine/Plugins/Animation/ControlRig/Content/Controls/ControlRig_Hexagon_3mm.uexp" 568
"../../../Engine/Plugins/Animation/ControlRig/Content/Controls/ControlRig_Hexagon_1mm.ubulk" 569
"../../../Engine/Plugins/Animation/ControlRig/Content/Controls/ControlRig_Hexagon_1mm.uasset" 570
"../../../Engine/Plugins/Animation/ControlRig/Content/Controls/ControlRig_Hexagon_1mm.uexp" 571
"../../../Engine/Plugins/Animation/ControlRig/Content/Controls/ControlRig_HalfCircle_solid.ubulk" 572
"../../../Engine/Plugins/Animation/ControlRig/Content/Controls/ControlRig_HalfCircle_solid.uasset" 573
"../../../Engine/Plugins/Animation/ControlRig/Content/Controls/ControlRig_HalfCircle_solid.uexp" 574
"../../../Engine/Plugins/Animation/ControlRig/Content/Controls/ControlRig_HalfCircle_3mm.ubulk" 575
"../../../Engine/Plugins/Animation/ControlRig/Content/Controls/ControlRig_HalfCircle_3mm.uasset" 576
"../../../Engine/Plugins/Animation/ControlRig/Content/Controls/ControlRig_HalfCircle_3mm.uexp" 577
"../../../Engine/Plugins/Animation/ControlRig/Content/Controls/ControlRig_HalfCircle_1mm.ubulk" 578
"../../../Engine/Plugins/Animation/ControlRig/Content/Controls/ControlRig_HalfCircle_1mm.uasset" 579
"../../../Engine/Plugins/Animation/ControlRig/Content/Controls/ControlRig_HalfCircle_1mm.uexp" 580
"../../../Engine/Plugins/Animation/ControlRig/Content/Controls/ControlRig_Diamond_solid.ubulk" 581
"../../../Engine/Plugins/Animation/ControlRig/Content/Controls/ControlRig_Diamond_solid.uasset" 582
"../../../Engine/Plugins/Animation/ControlRig/Content/Controls/ControlRig_Diamond_solid.uexp" 583
"../../../Engine/Plugins/Animation/ControlRig/Content/Controls/ControlRig_Diamond_3mm.ubulk" 584
"../../../Engine/Plugins/Animation/ControlRig/Content/Controls/ControlRig_Diamond_3mm.uasset" 585
"../../../Engine/Plugins/Animation/ControlRig/Content/Controls/ControlRig_Diamond_3mm.uexp" 586
"../../../Engine/Plugins/Animation/ControlRig/Content/Controls/ControlRig_Diamond_1mm.ubulk" 587
"../../../Engine/Plugins/Animation/ControlRig/Content/Controls/ControlRig_Diamond_1mm.uasset" 588
"../../../Engine/Plugins/Animation/ControlRig/Content/Controls/ControlRig_Diamond_1mm.uexp" 589
"../../../Engine/Plugins/Animation/ControlRig/Content/Controls/ControlRig_Circle_solid.ubulk" 590
"../../../Engine/Plugins/Animation/ControlRig/Content/Controls/ControlRig_Circle_solid.uasset" 591
"../../../Engine/Plugins/Animation/ControlRig/Content/Controls/ControlRig_Circle_solid.uexp" 592
"../../../Engine/Plugins/Animation/ControlRig/Content/Controls/ControlRig_Circle_3mm.ubulk" 593
"../../../Engine/Plugins/Animation/ControlRig/Content/Controls/ControlRig_Circle_3mm.uasset" 594
"../../../Engine/Plugins/Animation/ControlRig/Content/Controls/ControlRig_Circle_3mm.uexp" 595
"../../../Engine/Plugins/Animation/ControlRig/Content/Controls/ControlRig_Circle_1mm.ubulk" 596
"../../../Engine/Plugins/Animation/ControlRig/Content/Controls/ControlRig_Circle_1mm.uasset" 597
"../../../Engine/Plugins/Animation/ControlRig/Content/Controls/ControlRig_Circle_1mm.uexp" 598
"../../../Engine/Plugins/Animation/ControlRig/Content/Controls/ControlRig_Box_solid.ubulk" 599
"../../../Engine/Plugins/Animation/ControlRig/Content/Controls/ControlRig_Box_solid.uasset" 600
"../../../Engine/Plugins/Animation/ControlRig/Content/Controls/ControlRig_Box_solid.uexp" 601
"../../../Engine/Plugins/Animation/ControlRig/Content/Controls/ControlRig_Box_3mm.ubulk" 602
"../../../Engine/Plugins/Animation/ControlRig/Content/Controls/ControlRig_Box_3mm.uasset" 603
"../../../Engine/Plugins/Animation/ControlRig/Content/Controls/ControlRig_Box_3mm.uexp" 604
"../../../Engine/Plugins/Animation/ControlRig/Content/Controls/ControlRig_Box_1mm.ubulk" 605
"../../../Engine/Plugins/Animation/ControlRig/Content/Controls/ControlRig_Box_1mm.uasset" 606
"../../../Engine/Plugins/Animation/ControlRig/Content/Controls/ControlRig_Box_1mm.uexp" 607
"../../../Engine/Plugins/Animation/ControlRig/Content/Controls/ControlRig_Arrow_solid.ubulk" 608
"../../../Engine/Plugins/Animation/ControlRig/Content/Controls/ControlRig_Arrow_solid.uasset" 609
"../../../Engine/Plugins/Animation/ControlRig/Content/Controls/ControlRig_Arrow_solid.uexp" 610
"../../../Engine/Plugins/Animation/ControlRig/Content/Controls/ControlRig_Arrow_3mm.ubulk" 611
"../../../Engine/Plugins/Animation/ControlRig/Content/Controls/ControlRig_Arrow_3mm.uasset" 612
"../../../Engine/Plugins/Animation/ControlRig/Content/Controls/ControlRig_Arrow_3mm.uexp" 613
"../../../Engine/Plugins/Animation/ControlRig/Content/Controls/ControlRig_Arrow_1mm.ubulk" 614
"../../../Engine/Plugins/Animation/ControlRig/Content/Controls/ControlRig_Arrow_1mm.uasset" 615
"../../../Engine/Plugins/Animation/ControlRig/Content/Controls/ControlRig_Arrow_1mm.uexp" 616
"../../../Engine/Plugins/Animation/ControlRig/Content/Controls/ControlRig_Arrow4_solid.ubulk" 617
"../../../Engine/Plugins/Animation/ControlRig/Content/Controls/ControlRig_Arrow4_solid.uasset" 618
"../../../Engine/Plugins/Animation/ControlRig/Content/Controls/ControlRig_Arrow4_solid.uexp" 619
"../../../Engine/Plugins/Animation/ControlRig/Content/Controls/ControlRig_Arrow4_3mm.ubulk" 620
"../../../Engine/Plugins/Animation/ControlRig/Content/Controls/ControlRig_Arrow4_3mm.uasset" 621
"../../../Engine/Plugins/Animation/ControlRig/Content/Controls/ControlRig_Arrow4_3mm.uexp" 622
"../../../Engine/Plugins/Animation/ControlRig/Content/Controls/ControlRig_Arrow4_1mm.ubulk" 623
"../../../Engine/Plugins/Animation/ControlRig/Content/Controls/ControlRig_Arrow4_1mm.uasset" 624
"../../../Engine/Plugins/Animation/ControlRig/Content/Controls/ControlRig_Arrow4_1mm.uexp" 625
"../../../Engine/Plugins/Animation/ControlRig/Content/Controls/ControlRig_Arrow2_solid.ubulk" 626
"../../../Engine/Plugins/Animation/ControlRig/Content/Controls/ControlRig_Arrow2_solid.uasset" 627
"../../../Engine/Plugins/Animation/ControlRig/Content/Controls/ControlRig_Arrow2_solid.uexp" 628
"../../../Engine/Plugins/Animation/ControlRig/Content/Controls/ControlRig_Arrow2_3mm.ubulk" 629
"../../../Engine/Plugins/Animation/ControlRig/Content/Controls/ControlRig_Arrow2_3mm.uasset" 630
"../../../Engine/Plugins/Animation/ControlRig/Content/Controls/ControlRig_Arrow2_3mm.uexp" 631
"../../../Engine/Plugins/Animation/ControlRig/Content/Controls/ControlRig_Arrow2_1mm.ubulk" 632
"../../../Engine/Plugins/Animation/ControlRig/Content/Controls/ControlRig_Arrow2_1mm.uasset" 633
"../../../Engine/Plugins/Animation/ControlRig/Content/Controls/ControlRig_Arrow2_1mm.uexp" 634
"../../../Engine/Plugins/Animation/ControlRig/Content/Controls/ControlRigXRayMaterial.uasset" 635
"../../../Engine/Plugins/Animation/ControlRig/Content/Controls/ControlRigXRayMaterial.uexp" 636
"../../../Engine/Plugins/Animation/ControlRig/Content/Controls/ControlRigGizmoMaterial.uasset" 637
"../../../Engine/Plugins/Animation/ControlRig/Content/Controls/ControlRigGizmoMaterial.uexp" 638
"../../../Engine/Content/VREditor/Sounds/UI/Drop_Item_From_ContentBrowser.ubulk" 639
"../../../Engine/Content/VREditor/Sounds/UI/Drop_Item_From_ContentBrowser.uasset" 640
"../../../Engine/Content/VREditor/Sounds/UI/Drop_Item_From_ContentBrowser.uexp" 641
"../../../Engine/Content/VREditor/LaserPointer/VR_LaserPower_01.ubulk" 642
"../../../Engine/Content/VREditor/LaserPointer/VR_LaserPower_01.uasset" 643
"../../../Engine/Content/VREditor/LaserPointer/VR_LaserPower_01.uexp" 644
"../../../Engine/Content/VREditor/TransformGizmo/TransformGizmoMaterial.uasset" 645
"../../../Engine/Content/VREditor/TransformGizmo/TransformGizmoMaterial.uexp" 646
"../../../Engine/Content/VREditor/TransformGizmo/TransformGizmoMaterial_Inst.uasset" 647
"../../../Engine/Content/VREditor/TransformGizmo/TransformGizmoMaterial_Inst.uexp" 648
"../../../Engine/Content/VREditor/TransformGizmo/TranslucentTransformGizmoMaterial.uasset" 649
"../../../Engine/Content/VREditor/TransformGizmo/TranslucentTransformGizmoMaterial.uexp" 650
"../../../Engine/Content/VREditor/TransformGizmo/TranslucentTransformGizmoMaterial_Inst.uasset" 651
"../../../Engine/Content/VREditor/TransformGizmo/TranslucentTransformGizmoMaterial_Inst.uexp" 652
"../../../Engine/Content/Functions/Engine_MaterialFunctions02/SplitComponents.uasset" 653
"../../../Engine/Content/Functions/Engine_MaterialFunctions02/SplitComponents.uexp" 654
"../../../Engine/Content/Functions/Engine_MaterialFunctions02/Math/Transform3x3Matrix.uasset" 655
"../../../Engine/Content/Functions/Engine_MaterialFunctions02/Math/Transform3x3Matrix.uexp" 656
"../../../Engine/Content/VREditor/SnapGrid/SnapGridMaterial.uasset" 657
"../../../Engine/Content/VREditor/SnapGrid/SnapGridMaterial.uexp" 658
"../../../Engine/Content/VREditor/SnapGrid/SnapGridPlaneMesh.ubulk" 659
"../../../Engine/Content/VREditor/SnapGrid/SnapGridPlaneMesh.uasset" 660
"../../../Engine/Content/VREditor/SnapGrid/SnapGridPlaneMesh.uexp" 661
"../../../Engine/Content/VREditor/Sounds/UI/Gizmo_Handle_Clicked.ubulk" 662
"../../../Engine/Content/VREditor/Sounds/UI/Gizmo_Handle_Clicked.uasset" 663
"../../../Engine/Content/VREditor/Sounds/UI/Gizmo_Handle_Clicked.uexp" 664
"../../../Engine/Content/VREditor/Sounds/UI/Object_PickUp.ubulk" 665
"../../../Engine/Content/VREditor/Sounds/UI/Object_PickUp.uasset" 666
"../../../Engine/Content/VREditor/Sounds/UI/Object_PickUp.uexp" 667
"../../../Engine/Content/VREditor/Sounds/UI/Object_Snaps_To_Another_Actor.ubulk" 668
"../../../Engine/Content/VREditor/Sounds/UI/Object_Snaps_To_Another_Actor.uasset" 669
"../../../Engine/Content/VREditor/Sounds/UI/Object_Snaps_To_Another_Actor.uexp" 670
"../../../Engine/Content/VREditor/Sounds/UI/Object_Snaps_To_Grid.ubulk" 671
"../../../Engine/Content/VREditor/Sounds/UI/Object_Snaps_To_Grid.uasset" 672
"../../../Engine/Content/VREditor/Sounds/UI/Object_Snaps_To_Grid.uexp" 673
"../../../Engine/Content/VREditor/Sounds/UI/Scaling_Down.ubulk" 674
"../../../Engine/Content/VREditor/Sounds/UI/Scaling_Down.uasset" 675
"../../../Engine/Content/VREditor/Sounds/UI/Scaling_Down.uexp" 676
"../../../Engine/Content/VREditor/Sounds/UI/Scaling_Up.ubulk" 677
"../../../Engine/Content/VREditor/Sounds/UI/Scaling_Up.uasset" 678
"../../../Engine/Content/VREditor/Sounds/UI/Scaling_Up.uexp" 679
"../../../Engine/Content/VREditor/Sounds/UI/Selection_Changes.ubulk" 680
"../../../Engine/Content/VREditor/Sounds/UI/Selection_Changes.uasset" 681
"../../../Engine/Content/VREditor/Sounds/UI/Selection_Changes.uexp" 682
"../../../Engine/Content/VREditor/TransformGizmo/PlaneTranslationHandle.ubulk" 683
"../../../Engine/Content/VREditor/TransformGizmo/PlaneTranslationHandle.uasset" 684
"../../../Engine/Content/VREditor/TransformGizmo/PlaneTranslationHandle.uexp" 685
"../../../Engine/Content/VREditor/TransformGizmo/RotationHandleFull.ubulk" 686
"../../../Engine/Content/VREditor/TransformGizmo/RotationHandleFull.uasset" 687
"../../../Engine/Content/VREditor/TransformGizmo/RotationHandleFull.uexp" 688
"../../../Engine/Content/VREditor/TransformGizmo/RotationHandleIndicator.ubulk" 689
"../../../Engine/Content/VREditor/TransformGizmo/RotationHandleIndicator.uasset" 690
"../../../Engine/Content/VREditor/TransformGizmo/RotationHandleIndicator.uexp" 691
"../../../Engine/Content/VREditor/TransformGizmo/RotationHandleQuarter.ubulk" 692
"../../../Engine/Content/VREditor/TransformGizmo/RotationHandleQuarter.uasset" 693
"../../../Engine/Content/VREditor/TransformGizmo/RotationHandleQuarter.uexp" 694
"../../../Engine/Content/VREditor/TransformGizmo/StartRotationHandleIndicator.ubulk" 695
"../../../Engine/Content/VREditor/TransformGizmo/StartRotationHandleIndicator.uasset" 696
"../../../Engine/Content/VREditor/TransformGizmo/StartRotationHandleIndicator.uexp" 697
"../../../Engine/Content/VREditor/TransformGizmo/TransformGizmoFreeRotation.ubulk" 698
"../../../Engine/Content/VREditor/TransformGizmo/TransformGizmoFreeRotation.uasset" 699
"../../../Engine/Content/VREditor/TransformGizmo/TransformGizmoFreeRotation.uexp" 700
"../../../Engine/Content/VREditor/TransformGizmo/TranslateArrowHandle.ubulk" 701
"../../../Engine/Content/VREditor/TransformGizmo/TranslateArrowHandle.uasset" 702
"../../../Engine/Content/VREditor/TransformGizmo/TranslateArrowHandle.uexp" 703
"../../../Engine/Content/VREditor/TransformGizmo/UniformScaleHandle.ubulk" 704
"../../../Engine/Content/VREditor/TransformGizmo/UniformScaleHandle.uasset" 705
"../../../Engine/Content/VREditor/TransformGizmo/UniformScaleHandle.uexp" 706
"../../../Engine/Content/EngineResources/LandscapeVisibilityLayerInfo.uasset" 707
"../../../Engine/Content/EngineResources/LandscapeVisibilityLayerInfo.uexp" 708
"../../../Engine/Content/BasicShapes/Cube.ubulk" 709
"../../../Engine/Content/BasicShapes/Cube.uasset" 710
"../../../Engine/Content/BasicShapes/Cube.uexp" 711
"../../../Engine/Content/BasicShapes/BasicShapeMaterial.uasset" 712
"../../../Engine/Content/BasicShapes/BasicShapeMaterial.uexp" 713
"C:/Users/marco/Documents/Unreal Projects/AlienIsolation/Content/_Prefabs/m_props2.uasset" 714
"C:/Users/marco/Documents/Unreal Projects/AlienIsolation/Content/_Prefabs/m_props2.uexp" 715
"C:/Users/marco/Documents/Unreal Projects/AlienIsolation/Content/_Prefabs/Toolbox_11.ubulk" 716
"C:/Users/marco/Documents/Unreal Projects/AlienIsolation/Content/_Prefabs/Toolbox_11.uasset" 717
"C:/Users/marco/Documents/Unreal Projects/AlienIsolation/Content/_Prefabs/Toolbox_11.uexp" 718
"C:/Users/marco/Documents/Unreal Projects/AlienIsolation/Content/_Prefabs/Toolbox_12.ubulk" 719
"C:/Users/marco/Documents/Unreal Projects/AlienIsolation/Content/_Prefabs/Toolbox_12.uasset" 720
"C:/Users/marco/Documents/Unreal Projects/AlienIsolation/Content/_Prefabs/Toolbox_12.uexp" 721
"C:/Users/marco/Documents/Unreal Projects/AlienIsolation/Content/StarterContent/Materials/M_Basic_Floor.uasset" 722
"C:/Users/marco/Documents/Unreal Projects/AlienIsolation/Content/StarterContent/Materials/M_Basic_Floor.uexp" 723
"C:/Users/marco/Documents/Unreal Projects/AlienIsolation/Content/_Blueprints/BP_Toolbox.uasset" 724
"C:/Users/marco/Documents/Unreal Projects/AlienIsolation/Content/_Blueprints/BP_Toolbox.uexp" 725
"C:/Users/marco/Documents/Unreal Projects/AlienIsolation/Content/_Blueprints/BP_TextActivate.uasset" 726
"C:/Users/marco/Documents/Unreal Projects/AlienIsolation/Content/_Blueprints/BP_TextActivate.uexp" 727
"C:/Users/marco/Documents/Unreal Projects/AlienIsolation/Content/_Blueprints/BP_SaveStation.uasset" 728
"C:/Users/marco/Documents/Unreal Projects/AlienIsolation/Content/_Blueprints/BP_SaveStation.uexp" 729
"C:/Users/marco/Documents/Unreal Projects/AlienIsolation/Content/_Materials/Blood.uasset" 730
"C:/Users/marco/Documents/Unreal Projects/AlienIsolation/Content/_Materials/Blood.uexp" 731
"C:/Users/marco/Documents/Unreal Projects/AlienIsolation/Content/_Materials/M_Blood.uasset" 732
"C:/Users/marco/Documents/Unreal Projects/AlienIsolation/Content/_Materials/M_Blood.uexp" 733
"C:/Users/marco/Documents/Unreal Projects/AlienIsolation/Content/_VFX/NS_Blood.uasset" 734
"C:/Users/marco/Documents/Unreal Projects/AlienIsolation/Content/_VFX/NS_Blood.uexp" 735
"C:/Users/marco/Documents/Unreal Projects/AlienIsolation/Content/_VFX/Audio/JumpScares/Jumpscare_behind.ubulk" 736
"C:/Users/marco/Documents/Unreal Projects/AlienIsolation/Content/_VFX/Audio/JumpScares/Jumpscare_behind.uasset" 737
"C:/Users/marco/Documents/Unreal Projects/AlienIsolation/Content/_VFX/Audio/JumpScares/Jumpscare_behind.uexp" 738
"C:/Users/marco/Documents/Unreal Projects/AlienIsolation/Content/_VFX/Audio/Player/flashlight-clicking-on-105809.ubulk" 739
"C:/Users/marco/Documents/Unreal Projects/AlienIsolation/Content/_VFX/Audio/Player/flashlight-clicking-on-105809.uasset" 740
"C:/Users/marco/Documents/Unreal Projects/AlienIsolation/Content/_VFX/Audio/Player/flashlight-clicking-on-105809.uexp" 741
"C:/Users/marco/Documents/Unreal Projects/AlienIsolation/Content/_Materials/ScannerTextures/Scanner_m_props1_OcclusionRoughnessMetallic.ubulk" 742
"C:/Users/marco/Documents/Unreal Projects/AlienIsolation/Content/_Materials/ScannerTextures/Scanner_m_props1_OcclusionRoughnessMetallic.uasset" 743
"C:/Users/marco/Documents/Unreal Projects/AlienIsolation/Content/_Materials/ScannerTextures/Scanner_m_props1_OcclusionRoughnessMetallic.uexp" 744
"C:/Users/marco/Documents/Unreal Projects/AlienIsolation/Content/_Materials/ScannerTextures/Scanner_m_props1_Normal.ubulk" 745
"C:/Users/marco/Documents/Unreal Projects/AlienIsolation/Content/_Materials/ScannerTextures/Scanner_m_props1_Normal.uasset" 746
"C:/Users/marco/Documents/Unreal Projects/AlienIsolation/Content/_Materials/ScannerTextures/Scanner_m_props1_Normal.uexp" 747
"C:/Users/marco/Documents/Unreal Projects/AlienIsolation/Content/_Materials/ScannerTextures/Scanner_m_props1_BaseColor.ubulk" 748
"C:/Users/marco/Documents/Unreal Projects/AlienIsolation/Content/_Materials/ScannerTextures/Scanner_m_props1_BaseColor.uasset" 749
"C:/Users/marco/Documents/Unreal Projects/AlienIsolation/Content/_Materials/ScannerTextures/Scanner_m_props1_BaseColor.uexp" 750
"C:/Users/marco/Documents/Unreal Projects/AlienIsolation/Content/_Materials/m_props1.uasset" 751
"C:/Users/marco/Documents/Unreal Projects/AlienIsolation/Content/_Materials/m_props1.uexp" 752
"C:/Users/marco/Documents/Unreal Projects/AlienIsolation/Content/_Models/ScannerUVed.ubulk" 753
"C:/Users/marco/Documents/Unreal Projects/AlienIsolation/Content/_Models/ScannerUVed.uasset" 754
"C:/Users/marco/Documents/Unreal Projects/AlienIsolation/Content/_Models/ScannerUVed.uexp" 755
"../../../Engine/Content/Functions/Engine_MaterialFunctions01/Density/ExponentialDensity.uasset" 756
"../../../Engine/Content/Functions/Engine_MaterialFunctions01/Density/ExponentialDensity.uexp" 757
"../../../Engine/Content/Functions/Engine_MaterialFunctions01/Gradient/RadialGradientExponential.uasset" 758
"../../../Engine/Content/Functions/Engine_MaterialFunctions01/Gradient/RadialGradientExponential.uexp" 759
"C:/Users/marco/Documents/Unreal Projects/AlienIsolation/Content/_Materials/M_Vignette.uasset" 760
"C:/Users/marco/Documents/Unreal Projects/AlienIsolation/Content/_Materials/M_Vignette.uexp" 761
"C:/Users/marco/Documents/Unreal Projects/AlienIsolation/Content/_Materials/M_Vignette_Inst.uasset" 762
"C:/Users/marco/Documents/Unreal Projects/AlienIsolation/Content/_Materials/M_Vignette_Inst.uexp" 763
"C:/Users/marco/Documents/Unreal Projects/AlienIsolation/Content/_Materials/Cookie_tutorial_texture_flashlight.ubulk" 764
"C:/Users/marco/Documents/Unreal Projects/AlienIsolation/Content/_Materials/Cookie_tutorial_texture_flashlight.uasset" 765
"C:/Users/marco/Documents/Unreal Projects/AlienIsolation/Content/_Materials/Cookie_tutorial_texture_flashlight.uexp" 766
"C:/Users/marco/Documents/Unreal Projects/AlienIsolation/Content/_Materials/M_Flashlight.uasset" 767
"C:/Users/marco/Documents/Unreal Projects/AlienIsolation/Content/_Materials/M_Flashlight.uexp" 768
"../../../Engine/Content/MobileResources/HUD/VirtualJoystick_Thumb.uasset" 769
"../../../Engine/Content/MobileResources/HUD/VirtualJoystick_Thumb.uexp" 770
"C:/Users/marco/Documents/Unreal Projects/AlienIsolation/Content/Input/Touch/BPI_TouchInterface.uasset" 771
"C:/Users/marco/Documents/Unreal Projects/AlienIsolation/Content/Input/Touch/BPI_TouchInterface.uexp" 772
"../../../Engine/Content/MobileResources/HUD/VirtualJoystick_Background.uasset" 773
"../../../Engine/Content/MobileResources/HUD/VirtualJoystick_Background.uexp" 774
"C:/Users/marco/Documents/Unreal Projects/AlienIsolation/Content/Input/Touch/UI_Thumbstick.uasset" 775
"C:/Users/marco/Documents/Unreal Projects/AlienIsolation/Content/Input/Touch/UI_Thumbstick.uexp" 776
"C:/Users/marco/Documents/Unreal Projects/AlienIsolation/Content/Input/Touch/UI_TouchSimple.uasset" 777
"C:/Users/marco/Documents/Unreal Projects/AlienIsolation/Content/Input/Touch/UI_TouchSimple.uexp" 778
"C:/Users/marco/Documents/Unreal Projects/AlienIsolation/Content/Input/Actions/IA_MouseLook.uasset" 779
"C:/Users/marco/Documents/Unreal Projects/AlienIsolation/Content/Input/Actions/IA_MouseLook.uexp" 780
"C:/Users/marco/Documents/Unreal Projects/AlienIsolation/Content/Input/Actions/IA_Move.uasset" 781
"C:/Users/marco/Documents/Unreal Projects/AlienIsolation/Content/Input/Actions/IA_Move.uexp" 782
"C:/Users/marco/Documents/Unreal Projects/AlienIsolation/Content/Input/Actions/IA_Look.uasset" 783
"C:/Users/marco/Documents/Unreal Projects/AlienIsolation/Content/Input/Actions/IA_Look.uexp" 784
"C:/Users/marco/Documents/Unreal Projects/AlienIsolation/Content/Input/Actions/IA_Jump.uasset" 785
"C:/Users/marco/Documents/Unreal Projects/AlienIsolation/Content/Input/Actions/IA_Jump.uexp" 786
"C:/Users/marco/Documents/Unreal Projects/AlienIsolation/Content/Input/Actions/IA_Interact.uasset" 787
"C:/Users/marco/Documents/Unreal Projects/AlienIsolation/Content/Input/Actions/IA_Interact.uexp" 788
"C:/Users/marco/Documents/Unreal Projects/AlienIsolation/Content/Characters/Mannequins/Meshes/SK_Mannequin.uasset" 789
"C:/Users/marco/Documents/Unreal Projects/AlienIsolation/Content/Characters/Mannequins/Meshes/SK_Mannequin.uexp" 790
"C:/Users/marco/Documents/Unreal Projects/AlienIsolation/Content/Characters/Mannequins/Rigs/PA_Mannequin.uasset" 791
"C:/Users/marco/Documents/Unreal Projects/AlienIsolation/Content/Characters/Mannequins/Rigs/PA_Mannequin.uexp" 792
"C:/Users/marco/Documents/Unreal Projects/AlienIsolation/Content/Characters/Mannequins/Textures/Manny/T_Manny_01_MRA.ubulk" 793
"C:/Users/marco/Documents/Unreal Projects/AlienIsolation/Content/Characters/Mannequins/Textures/Manny/T_Manny_01_MRA.uasset" 794
"C:/Users/marco/Documents/Unreal Projects/AlienIsolation/Content/Characters/Mannequins/Textures/Manny/T_Manny_01_MRA.uexp" 795
"C:/Users/marco/Documents/Unreal Projects/AlienIsolation/Content/Characters/Mannequins/Textures/Manny/T_Manny_01_D.ubulk" 796
"C:/Users/marco/Documents/Unreal Projects/AlienIsolation/Content/Characters/Mannequins/Textures/Manny/T_Manny_01_D.uasset" 797
"C:/Users/marco/Documents/Unreal Projects/AlienIsolation/Content/Characters/Mannequins/Textures/Manny/T_Manny_01_D.uexp" 798
"C:/Users/marco/Documents/Unreal Projects/AlienIsolation/Content/Characters/Mannequins/Textures/Manny/T_Manny_01_BN.ubulk" 799
"C:/Users/marco/Documents/Unreal Projects/AlienIsolation/Content/Characters/Mannequins/Textures/Manny/T_Manny_01_BN.uasset" 800
"C:/Users/marco/Documents/Unreal Projects/AlienIsolation/Content/Characters/Mannequins/Textures/Manny/T_Manny_01_BN.uexp" 801
"C:/Users/marco/Documents/Unreal Projects/AlienIsolation/Content/Characters/Mannequins/Textures/Shared/T_UE_Logo_M.uasset" 802
"C:/Users/marco/Documents/Unreal Projects/AlienIsolation/Content/Characters/Mannequins/Textures/Shared/T_UE_Logo_M.uexp" 803
"C:/Users/marco/Documents/Unreal Projects/AlienIsolation/Content/Characters/Mannequins/Materials/M_Mannequin.uasset" 804
"C:/Users/marco/Documents/Unreal Projects/AlienIsolation/Content/Characters/Mannequins/Materials/M_Mannequin.uexp" 805
"C:/Users/marco/Documents/Unreal Projects/AlienIsolation/Content/Characters/Mannequins/Materials/Manny/MI_Manny_01_New.uasset" 806
"C:/Users/marco/Documents/Unreal Projects/AlienIsolation/Content/Characters/Mannequins/Materials/Manny/MI_Manny_01_New.uexp" 807
"C:/Users/marco/Documents/Unreal Projects/AlienIsolation/Content/Characters/Mannequins/Textures/Manny/T_Manny_02_MRA.ubulk" 808
"C:/Users/marco/Documents/Unreal Projects/AlienIsolation/Content/Characters/Mannequins/Textures/Manny/T_Manny_02_MRA.uasset" 809
"C:/Users/marco/Documents/Unreal Projects/AlienIsolation/Content/Characters/Mannequins/Textures/Manny/T_Manny_02_MRA.uexp" 810
"C:/Users/marco/Documents/Unreal Projects/AlienIsolation/Content/Characters/Mannequins/Textures/Manny/T_Manny_02_D.ubulk" 811
"C:/Users/marco/Documents/Unreal Projects/AlienIsolation/Content/Characters/Mannequins/Textures/Manny/T_Manny_02_D.uasset" 812
"C:/Users/marco/Documents/Unreal Projects/AlienIsolation/Content/Characters/Mannequins/Textures/Manny/T_Manny_02_D.uexp" 813
"C:/Users/marco/Documents/Unreal Projects/AlienIsolation/Content/Characters/Mannequins/Textures/Manny/T_Manny_02_BN.ubulk" 814
"C:/Users/marco/Documents/Unreal Projects/AlienIsolation/Content/Characters/Mannequins/Textures/Manny/T_Manny_02_BN.uasset" 815
"C:/Users/marco/Documents/Unreal Projects/AlienIsolation/Content/Characters/Mannequins/Textures/Manny/T_Manny_02_BN.uexp" 816
"C:/Users/marco/Documents/Unreal Projects/AlienIsolation/Content/Characters/Mannequins/Materials/Manny/MI_Manny_02_New.uasset" 817
"C:/Users/marco/Documents/Unreal Projects/AlienIsolation/Content/Characters/Mannequins/Materials/Manny/MI_Manny_02_New.uexp" 818
"C:/Users/marco/Documents/Unreal Projects/AlienIsolation/Content/Characters/Mannequins/Meshes/SKM_Manny_Simple.uasset" 819
"C:/Users/marco/Documents/Unreal Projects/AlienIsolation/Content/Characters/Mannequins/Meshes/SKM_Manny_Simple.uexp" 820
"../../../Engine/Plugins/Animation/ControlRig/Content/Controls/DefaultGizmoLibraryNormalized.uasset" 821
"../../../Engine/Plugins/Animation/ControlRig/Content/Controls/DefaultGizmoLibraryNormalized.uexp" 822
"C:/Users/marco/Documents/Unreal Projects/AlienIsolation/Content/FirstPerson/Anims/CtrlRig_FPWarp.uasset" 823
"C:/Users/marco/Documents/Unreal Projects/AlienIsolation/Content/FirstPerson/Anims/CtrlRig_FPWarp.uexp" 824
"C:/Users/marco/Documents/Unreal Projects/AlienIsolation/Content/FirstPerson/Anims/ABP_FP_Copy.uasset" 825
"C:/Users/marco/Documents/Unreal Projects/AlienIsolation/Content/FirstPerson/Anims/ABP_FP_Copy.uexp" 826
"C:/Users/marco/Documents/Unreal Projects/AlienIsolation/Content/Characters/Mannequins/Rigs/CR_Mannequin_FootIK.uasset" 827
"C:/Users/marco/Documents/Unreal Projects/AlienIsolation/Content/Characters/Mannequins/Rigs/CR_Mannequin_FootIK.uexp" 828
"../../../Engine/Content/Animation/DefaultVariableFrameStrippingSettings.uasset" 829
"../../../Engine/Content/Animation/DefaultVariableFrameStrippingSettings.uexp" 830
"../../../Engine/Content/Animation/DefaultAnimCurveCompressionSettings.uasset" 831
"../../../Engine/Content/Animation/DefaultAnimCurveCompressionSettings.uexp" 832
"../../../Engine/Content/Animation/DefaultAnimBoneCompressionSettings.uasset" 833
"../../../Engine/Content/Animation/DefaultAnimBoneCompressionSettings.uexp" 834
"C:/Users/marco/Documents/Unreal Projects/AlienIsolation/Content/Characters/Mannequins/Anims/Unarmed/MM_Idle.uasset" 835
"C:/Users/marco/Documents/Unreal Projects/AlienIsolation/Content/Characters/Mannequins/Anims/Unarmed/MM_Idle.uexp" 836
"C:/Users/marco/Documents/Unreal Projects/AlienIsolation/Content/Characters/Mannequins/Anims/Unarmed/Jog/MF_Unarmed_Jog_Bwd.uasset" 837
"C:/Users/marco/Documents/Unreal Projects/AlienIsolation/Content/Characters/Mannequins/Anims/Unarmed/Jog/MF_Unarmed_Jog_Bwd.uexp" 838
"../../../Engine/Plugins/Animation/ACLPlugin/Content/ACLAnimCurveCompressionSettings.uasset" 839
"../../../Engine/Plugins/Animation/ACLPlugin/Content/ACLAnimCurveCompressionSettings.uexp" 840
"../../../Engine/Content/Animation/DefaultRecorderBoneCompression.uasset" 841
"../../../Engine/Content/Animation/DefaultRecorderBoneCompression.uexp" 842
"C:/Users/marco/Documents/Unreal Projects/AlienIsolation/Content/Characters/Mannequins/Anims/Unarmed/Jog/MF_Unarmed_Jog_Bwd_Left.uasset" 843
"C:/Users/marco/Documents/Unreal Projects/AlienIsolation/Content/Characters/Mannequins/Anims/Unarmed/Jog/MF_Unarmed_Jog_Bwd_Left.uexp" 844
"C:/Users/marco/Documents/Unreal Projects/AlienIsolation/Content/Characters/Mannequins/Anims/Unarmed/Jog/MF_Unarmed_Jog_Bwd_Right.uasset" 845
"C:/Users/marco/Documents/Unreal Projects/AlienIsolation/Content/Characters/Mannequins/Anims/Unarmed/Jog/MF_Unarmed_Jog_Bwd_Right.uexp" 846
"C:/Users/marco/Documents/Unreal Projects/AlienIsolation/Content/Characters/Mannequins/Anims/Unarmed/Jog/MF_Unarmed_Jog_Fwd.uasset" 847
"C:/Users/marco/Documents/Unreal Projects/AlienIsolation/Content/Characters/Mannequins/Anims/Unarmed/Jog/MF_Unarmed_Jog_Fwd.uexp" 848
"C:/Users/marco/Documents/Unreal Projects/AlienIsolation/Content/Characters/Mannequins/Anims/Unarmed/Jog/MF_Unarmed_Jog_Fwd_Left.uasset" 849
"C:/Users/marco/Documents/Unreal Projects/AlienIsolation/Content/Characters/Mannequins/Anims/Unarmed/Jog/MF_Unarmed_Jog_Fwd_Left.uexp" 850
"C:/Users/marco/Documents/Unreal Projects/AlienIsolation/Content/Characters/Mannequins/Anims/Unarmed/Jog/MF_Unarmed_Jog_Fwd_Right.uasset" 851
"C:/Users/marco/Documents/Unreal Projects/AlienIsolation/Content/Characters/Mannequins/Anims/Unarmed/Jog/MF_Unarmed_Jog_Fwd_Right.uexp" 852
"C:/Users/marco/Documents/Unreal Projects/AlienIsolation/Content/Characters/Mannequins/Anims/Unarmed/Jog/MF_Unarmed_Jog_Left.uasset" 853
"C:/Users/marco/Documents/Unreal Projects/AlienIsolation/Content/Characters/Mannequins/Anims/Unarmed/Jog/MF_Unarmed_Jog_Left.uexp" 854
"C:/Users/marco/Documents/Unreal Projects/AlienIsolation/Content/Characters/Mannequins/Anims/Unarmed/Jog/MF_Unarmed_Jog_Right.uasset" 855
"C:/Users/marco/Documents/Unreal Projects/AlienIsolation/Content/Characters/Mannequins/Anims/Unarmed/Jog/MF_Unarmed_Jog_Right.uexp" 856
"C:/Users/marco/Documents/Unreal Projects/AlienIsolation/Content/Characters/Mannequins/Anims/Unarmed/Walk/MF_Unarmed_Walk_Bwd.uasset" 857
"C:/Users/marco/Documents/Unreal Projects/AlienIsolation/Content/Characters/Mannequins/Anims/Unarmed/Walk/MF_Unarmed_Walk_Bwd.uexp" 858
"C:/Users/marco/Documents/Unreal Projects/AlienIsolation/Content/Characters/Mannequins/Anims/Unarmed/Walk/MF_Unarmed_Walk_Bwd_Left.uasset" 859
"C:/Users/marco/Documents/Unreal Projects/AlienIsolation/Content/Characters/Mannequins/Anims/Unarmed/Walk/MF_Unarmed_Walk_Bwd_Left.uexp" 860
"C:/Users/marco/Documents/Unreal Projects/AlienIsolation/Content/Characters/Mannequins/Anims/Unarmed/Walk/MF_Unarmed_Walk_Bwd_Right.uasset" 861
"C:/Users/marco/Documents/Unreal Projects/AlienIsolation/Content/Characters/Mannequins/Anims/Unarmed/Walk/MF_Unarmed_Walk_Bwd_Right.uexp" 862
"C:/Users/marco/Documents/Unreal Projects/AlienIsolation/Content/Characters/Mannequins/Anims/Unarmed/Walk/MF_Unarmed_Walk_Fwd.uasset" 863
"C:/Users/marco/Documents/Unreal Projects/AlienIsolation/Content/Characters/Mannequins/Anims/Unarmed/Walk/MF_Unarmed_Walk_Fwd.uexp" 864
"C:/Users/marco/Documents/Unreal Projects/AlienIsolation/Content/Characters/Mannequins/Anims/Unarmed/Walk/MF_Unarmed_Walk_Fwd_Left.uasset" 865
"C:/Users/marco/Documents/Unreal Projects/AlienIsolation/Content/Characters/Mannequins/Anims/Unarmed/Walk/MF_Unarmed_Walk_Fwd_Left.uexp" 866
"C:/Users/marco/Documents/Unreal Projects/AlienIsolation/Content/Characters/Mannequins/Anims/Unarmed/Walk/MF_Unarmed_Walk_Fwd_Right.uasset" 867
"C:/Users/marco/Documents/Unreal Projects/AlienIsolation/Content/Characters/Mannequins/Anims/Unarmed/Walk/MF_Unarmed_Walk_Fwd_Right.uexp" 868
"C:/Users/marco/Documents/Unreal Projects/AlienIsolation/Content/Characters/Mannequins/Anims/Unarmed/Walk/MF_Unarmed_Walk_Left.uasset" 869
"C:/Users/marco/Documents/Unreal Projects/AlienIsolation/Content/Characters/Mannequins/Anims/Unarmed/Walk/MF_Unarmed_Walk_Left.uexp" 870
"C:/Users/marco/Documents/Unreal Projects/AlienIsolation/Content/Characters/Mannequins/Anims/Unarmed/Walk/MF_Unarmed_Walk_Right.uasset" 871
"C:/Users/marco/Documents/Unreal Projects/AlienIsolation/Content/Characters/Mannequins/Anims/Unarmed/Walk/MF_Unarmed_Walk_Right.uexp" 872
"C:/Users/marco/Documents/Unreal Projects/AlienIsolation/Content/Characters/Mannequins/Anims/Unarmed/BS_Idle_Walk_Run.uasset" 873
"C:/Users/marco/Documents/Unreal Projects/AlienIsolation/Content/Characters/Mannequins/Anims/Unarmed/BS_Idle_Walk_Run.uexp" 874
"C:/Users/marco/Documents/Unreal Projects/AlienIsolation/Content/Characters/Mannequins/Anims/Unarmed/Jump/MM_Fall_Loop.uasset" 875
"C:/Users/marco/Documents/Unreal Projects/AlienIsolation/Content/Characters/Mannequins/Anims/Unarmed/Jump/MM_Fall_Loop.uexp" 876
"C:/Users/marco/Documents/Unreal Projects/AlienIsolation/Content/Characters/Mannequins/Anims/Unarmed/Jump/MM_Jump.uasset" 877
"C:/Users/marco/Documents/Unreal Projects/AlienIsolation/Content/Characters/Mannequins/Anims/Unarmed/Jump/MM_Jump.uexp" 878
"C:/Users/marco/Documents/Unreal Projects/AlienIsolation/Content/Characters/Mannequins/Anims/Unarmed/Jump/MM_Land.uasset" 879
"C:/Users/marco/Documents/Unreal Projects/AlienIsolation/Content/Characters/Mannequins/Anims/Unarmed/Jump/MM_Land.uexp" 880
"C:/Users/marco/Documents/Unreal Projects/AlienIsolation/Content/Characters/Mannequins/Anims/Unarmed/ABP_Unarmed.uasset" 881
"C:/Users/marco/Documents/Unreal Projects/AlienIsolation/Content/Characters/Mannequins/Anims/Unarmed/ABP_Unarmed.uexp" 882
"../../../Engine/Content/Functions/Engine_MaterialFunctions02/HueShift.uasset" 883
"../../../Engine/Content/Functions/Engine_MaterialFunctions02/HueShift.uexp" 884
"../../../Engine/Content/EngineResources/Black.uasset" 885
"../../../Engine/Content/EngineResources/Black.uexp" 886
"../../../Engine/Content/Functions/Engine_MaterialFunctions01/Chromakeying/DespillByAvg.uasset" 887
"../../../Engine/Content/Functions/Engine_MaterialFunctions01/Chromakeying/DespillByAvg.uexp" 888
"../../../Engine/Content/Functions/Engine_MaterialFunctions01/ImageAdjustment/SCurve.uasset" 889
"../../../Engine/Content/Functions/Engine_MaterialFunctions01/ImageAdjustment/SCurve.uexp" 890
"../../../Engine/Content/Functions/Engine_MaterialFunctions01/ImageAdjustment/ColorCorrection.uasset" 891
"../../../Engine/Content/Functions/Engine_MaterialFunctions01/ImageAdjustment/ColorCorrection.uexp" 892
"../../../Engine/Content/Functions/Engine_MaterialFunctions01/Texturing/UVCropping.uasset" 893
"../../../Engine/Content/Functions/Engine_MaterialFunctions01/Texturing/UVCropping.uexp" 894
"../../../Engine/Content/Functions/Engine_MaterialFunctions01/Chromakeying/DespillManual.uasset" 895
"../../../Engine/Content/Functions/Engine_MaterialFunctions01/Chromakeying/DespillManual.uexp" 896
"../../../Engine/Content/Functions/Engine_MaterialFunctions01/Opacity/Chroma_Key_Alpha.uasset" 897
"../../../Engine/Content/Functions/Engine_MaterialFunctions01/Opacity/Chroma_Key_Alpha.uexp" 898
"../../../Engine/Content/MaterialTemplates/Chromakeying/MF_Chromakeyer.uasset" 899
"../../../Engine/Content/MaterialTemplates/Chromakeying/MF_Chromakeyer.uexp" 900
"C:/Users/marco/Documents/Unreal Projects/AlienIsolation/Content/_VFX/Jumpscares/MP_FoxyJumpscare.uasset" 901
"C:/Users/marco/Documents/Unreal Projects/AlienIsolation/Content/_VFX/Jumpscares/MP_FoxyJumpscare.uexp" 902
"C:/Users/marco/Documents/Unreal Projects/AlienIsolation/Content/_VFX/Jumpscares/MP_FoxyJumpscare_Video.uasset" 903
"C:/Users/marco/Documents/Unreal Projects/AlienIsolation/Content/_VFX/Jumpscares/MP_FoxyJumpscare_Video.uexp" 904
"C:/Users/marco/Documents/Unreal Projects/AlienIsolation/Content/_VFX/Jumpscares/MP_FoxyJumpscare_Video_Mat.uasset" 905
"C:/Users/marco/Documents/Unreal Projects/AlienIsolation/Content/_VFX/Jumpscares/MP_FoxyJumpscare_Video_Mat.uexp" 906
"C:/Users/marco/Documents/Unreal Projects/AlienIsolation/Content/_VFX/Jumpscares/AlienHand/AlienHand.uasset" 907
"C:/Users/marco/Documents/Unreal Projects/AlienIsolation/Content/_VFX/Jumpscares/AlienHand/AlienHand.uexp" 908
"C:/Users/marco/Documents/Unreal Projects/AlienIsolation/Content/_VFX/Audio/JumpScares/JumpscareAlienTest.ubulk" 909
"C:/Users/marco/Documents/Unreal Projects/AlienIsolation/Content/_VFX/Audio/JumpScares/JumpscareAlienTest.uasset" 910
"C:/Users/marco/Documents/Unreal Projects/AlienIsolation/Content/_VFX/Audio/JumpScares/JumpscareAlienTest.uexp" 911
"C:/Users/marco/Documents/Unreal Projects/AlienIsolation/Content/_Blueprints/WB_JumpscareHand.uasset" 912
"C:/Users/marco/Documents/Unreal Projects/AlienIsolation/Content/_Blueprints/WB_JumpscareHand.uexp" 913
"C:/Users/marco/Documents/Unreal Projects/AlienIsolation/Content/_VFX/Jumpscares/JumpscareAlienTest.uasset" 914
"C:/Users/marco/Documents/Unreal Projects/AlienIsolation/Content/_VFX/Jumpscares/JumpscareAlienTest.uexp" 915
"C:/Users/marco/Documents/Unreal Projects/AlienIsolation/Content/_Blueprints/WB_Jumpscare.uasset" 916
"C:/Users/marco/Documents/Unreal Projects/AlienIsolation/Content/_Blueprints/WB_Jumpscare.uexp" 917
"C:/Users/marco/Documents/Unreal Projects/AlienIsolation/Content/_Blueprints/BPI_Jumpscare.uasset" 918
"C:/Users/marco/Documents/Unreal Projects/AlienIsolation/Content/_Blueprints/BPI_Jumpscare.uexp" 919
"C:/Users/marco/Documents/Unreal Projects/AlienIsolation/Content/_Blueprints/BPI_Interaction.uasset" 920
"C:/Users/marco/Documents/Unreal Projects/AlienIsolation/Content/_Blueprints/BPI_Interaction.uexp" 921
"C:/Users/marco/Documents/Unreal Projects/AlienIsolation/Content/_Materials/Scanner_Emoty.uasset" 922
"C:/Users/marco/Documents/Unreal Projects/AlienIsolation/Content/_Materials/Scanner_Emoty.uexp" 923
"C:/Users/marco/Documents/Unreal Projects/AlienIsolation/Content/_VFX/Audio/Player/sonar-ping-95840.ubulk" 924
"C:/Users/marco/Documents/Unreal Projects/AlienIsolation/Content/_VFX/Audio/Player/sonar-ping-95840.uasset" 925
"C:/Users/marco/Documents/Unreal Projects/AlienIsolation/Content/_VFX/Audio/Player/sonar-ping-95840.uexp" 926
"C:/Users/marco/Documents/Unreal Projects/AlienIsolation/Content/_VFX/Audio/Player/Motiontracker_Hum_5_KLICKAUD.ubulk" 927
"C:/Users/marco/Documents/Unreal Projects/AlienIsolation/Content/_VFX/Audio/Player/Motiontracker_Hum_5_KLICKAUD.uasset" 928
"C:/Users/marco/Documents/Unreal Projects/AlienIsolation/Content/_VFX/Audio/Player/Motiontracker_Hum_5_KLICKAUD.uexp" 929
"C:/Users/marco/Documents/Unreal Projects/AlienIsolation/Content/_VFX/Audio/Player/Close_5seg.ubulk" 930
"C:/Users/marco/Documents/Unreal Projects/AlienIsolation/Content/_VFX/Audio/Player/Close_5seg.uasset" 931
"C:/Users/marco/Documents/Unreal Projects/AlienIsolation/Content/_VFX/Audio/Player/Close_5seg.uexp" 932
"C:/Users/marco/Documents/Unreal Projects/AlienIsolation/Content/_VFX/Audio/Player/a-message-from-outerspace-66873.ubulk" 933
"C:/Users/marco/Documents/Unreal Projects/AlienIsolation/Content/_VFX/Audio/Player/a-message-from-outerspace-66873.uasset" 934
"C:/Users/marco/Documents/Unreal Projects/AlienIsolation/Content/_VFX/Audio/Player/a-message-from-outerspace-66873.uexp" 935
"C:/Users/marco/Documents/Unreal Projects/AlienIsolation/Content/_Materials/Basic_green_dot.uasset" 936
"C:/Users/marco/Documents/Unreal Projects/AlienIsolation/Content/_Materials/Basic_green_dot.uexp" 937
"C:/Users/marco/Documents/Unreal Projects/AlienIsolation/Content/_Blueprints/Scanner/WB_Blip.uasset" 938
"C:/Users/marco/Documents/Unreal Projects/AlienIsolation/Content/_Blueprints/Scanner/WB_Blip.uexp" 939
"C:/Users/marco/Documents/Unreal Projects/AlienIsolation/Content/_Blueprints/Scanner_Texture.uasset" 940
"C:/Users/marco/Documents/Unreal Projects/AlienIsolation/Content/_Blueprints/Scanner_Texture.uexp" 941
"C:/Users/marco/Documents/Unreal Projects/AlienIsolation/Content/_Blueprints/Scanner/M_Scanner.uasset" 942
"C:/Users/marco/Documents/Unreal Projects/AlienIsolation/Content/_Blueprints/Scanner/M_Scanner.uexp" 943
"C:/Users/marco/Documents/Unreal Projects/AlienIsolation/Content/_Blueprints/Scanner/MI_Scanner.uasset" 944
"C:/Users/marco/Documents/Unreal Projects/AlienIsolation/Content/_Blueprints/Scanner/MI_Scanner.uexp" 945
"C:/Users/marco/Documents/Unreal Projects/AlienIsolation/Content/_Blueprints/Scanner/WB_ScannerMap.uasset" 946
"C:/Users/marco/Documents/Unreal Projects/AlienIsolation/Content/_Blueprints/Scanner/WB_ScannerMap.uexp" 947
"C:/Users/marco/Documents/Unreal Projects/AlienIsolation/Content/_Blueprints/Scanner/WB_ScannerHUDComponent.uasset" 948
"C:/Users/marco/Documents/Unreal Projects/AlienIsolation/Content/_Blueprints/Scanner/WB_ScannerHUDComponent.uexp" 949
"C:/Users/marco/Documents/Unreal Projects/AlienIsolation/Content/FirstPerson/Blueprints/BP_FirstPersonCharacter.uasset" 950
"C:/Users/marco/Documents/Unreal Projects/AlienIsolation/Content/FirstPerson/Blueprints/BP_FirstPersonCharacter.uexp" 951
"C:/Users/marco/Documents/Unreal Projects/AlienIsolation/Content/_Blueprints/Scanner/HUD_Scanner.uasset" 952
"C:/Users/marco/Documents/Unreal Projects/AlienIsolation/Content/_Blueprints/Scanner/HUD_Scanner.uexp" 953
"C:/Users/marco/Documents/Unreal Projects/AlienIsolation/Content/Input/IMC_Default.uasset" 954
"C:/Users/marco/Documents/Unreal Projects/AlienIsolation/Content/Input/IMC_Default.uexp" 955
"C:/Users/marco/Documents/Unreal Projects/AlienIsolation/Content/Input/IMC_MouseLook.uasset" 956
"C:/Users/marco/Documents/Unreal Projects/AlienIsolation/Content/Input/IMC_MouseLook.uexp" 957
"C:/Users/marco/Documents/Unreal Projects/AlienIsolation/Content/FirstPerson/Blueprints/BP_FirstPersonCameraManager.uasset" 958
"C:/Users/marco/Documents/Unreal Projects/AlienIsolation/Content/FirstPerson/Blueprints/BP_FirstPersonCameraManager.uexp" 959
"C:/Users/marco/Documents/Unreal Projects/AlienIsolation/Content/FirstPerson/Blueprints/BP_FirstPersonPlayerController.uasset" 960
"C:/Users/marco/Documents/Unreal Projects/AlienIsolation/Content/FirstPerson/Blueprints/BP_FirstPersonPlayerController.uexp" 961
"C:/Users/marco/Documents/Unreal Projects/AlienIsolation/Content/FirstPerson/Blueprints/BP_FirstPersonGameMode.uasset" 962
"C:/Users/marco/Documents/Unreal Projects/AlienIsolation/Content/FirstPerson/Blueprints/BP_FirstPersonGameMode.uexp" 963
"../../../Engine/Content/EngineResources/FilmGrains/Marcie_Grain_v3_128_M2_000.uasset" 964
"../../../Engine/Content/EngineResources/FilmGrains/Marcie_Grain_v3_128_M2_000.uexp" 965
"../../../Engine/Content/EngineResources/Development/ZenLogo_64.uasset" 966
"../../../Engine/Content/EngineResources/Development/ZenLogo_64.uexp" 967
"../../../Engine/Content/EngineMaterials/LTC/Sheen_LTC.uasset" 968
"../../../Engine/Content/EngineMaterials/LTC/Sheen_LTC.uexp" 969
"../../../Engine/Content/EngineMaterials/LTC/GGX_LTCMat.uasset" 970
"../../../Engine/Content/EngineMaterials/LTC/GGX_LTCMat.uexp" 971
"../../../Engine/Content/EngineMaterials/LTC/GGX_LTCAmp.uasset" 972
"../../../Engine/Content/EngineMaterials/LTC/GGX_LTCAmp.uexp" 973
"../../../Engine/Content/EngineMaterials/EnergyConservation/Sheen_Energy.uasset" 974
"../../../Engine/Content/EngineMaterials/EnergyConservation/Sheen_Energy.uexp" 975
"../../../Engine/Content/EngineMaterials/EnergyConservation/SheenLegacy_Energy.uasset" 976
"../../../Engine/Content/EngineMaterials/EnergyConservation/SheenLegacy_Energy.uexp" 977
"../../../Engine/Content/EngineMaterials/EnergyConservation/GGX_TransmissionEnergyArray.uasset" 978
"../../../Engine/Content/EngineMaterials/EnergyConservation/GGX_TransmissionEnergyArray.uexp" 979
"../../../Engine/Content/EngineMaterials/EnergyConservation/GGX_ReflectionEnergy.uasset" 980
"../../../Engine/Content/EngineMaterials/EnergyConservation/GGX_ReflectionEnergy.uexp" 981
"../../../Engine/Content/EngineMaterials/EnergyConservation/Diffuse_Energy.uasset" 982
"../../../Engine/Content/EngineMaterials/EnergyConservation/Diffuse_Energy.uexp" 983
"../../../Engine/Content/EditorResources/SequenceRecorder/RecordingIndicator.uasset" 984
"../../../Engine/Content/EditorResources/SequenceRecorder/RecordingIndicator.uexp" 985
"../../../Engine/Content/EditorResources/SequenceRecorder/Countdown.uasset" 986
"../../../Engine/Content/EditorResources/SequenceRecorder/Countdown.uexp" 987
"../../../Engine/Content/EditorMaterials/ParticleSystems/PSysThumbnail_OOD.ubulk" 988
"../../../Engine/Content/EditorMaterials/ParticleSystems/PSysThumbnail_OOD.uasset" 989
"../../../Engine/Content/EditorMaterials/ParticleSystems/PSysThumbnail_OOD.uexp" 990
"../../../Engine/Content/EditorMaterials/ParticleSystems/PSysThumbnail_NoImage.ubulk" 991
"../../../Engine/Content/EditorMaterials/ParticleSystems/PSysThumbnail_NoImage.uasset" 992
"../../../Engine/Content/EditorMaterials/ParticleSystems/PSysThumbnail_NoImage.uexp" 993
"../../../Engine/Content/EditorMaterials/Dataflow/DataflowVertexMaterial.uasset" 994
"../../../Engine/Content/EditorMaterials/Dataflow/DataflowVertexMaterial.uexp" 995
"../../../Engine/Content/EditorMaterials/Dataflow/DataflowTwoSidedVertexMaterial.uasset" 996
"../../../Engine/Content/EditorMaterials/Dataflow/DataflowTwoSidedVertexMaterial.uexp" 997
"../../../Engine/Content/VREditor/TransformGizmo/BoundingBoxEdge.ubulk" 998
"../../../Engine/Content/VREditor/TransformGizmo/BoundingBoxEdge.uasset" 999
"../../../Engine/Content/VREditor/TransformGizmo/BoundingBoxEdge.uexp" 1000
"../../../Engine/Content/VREditor/TransformGizmo/BoundingBoxCorner.ubulk" 1001
"../../../Engine/Content/VREditor/TransformGizmo/BoundingBoxCorner.uasset" 1002
"../../../Engine/Content/VREditor/TransformGizmo/BoundingBoxCorner.uexp" 1003
"../../../Engine/Plugins/Interchange/Assets/Content/gltf/Textures/T_White_srgb.uasset" 1004
"../../../Engine/Plugins/Interchange/Assets/Content/gltf/Textures/T_White_srgb.uexp" 1005
"../../../Engine/Plugins/Interchange/Assets/Content/gltf/MaterialFunctions/MF_BaseColor.uasset" 1006
"../../../Engine/Plugins/Interchange/Assets/Content/gltf/MaterialFunctions/MF_BaseColor.uexp" 1007
"../../../Engine/Plugins/Interchange/Assets/Content/gltf/MaterialFunctions/MF_RotateV2.uasset" 1008
"../../../Engine/Plugins/Interchange/Assets/Content/gltf/MaterialFunctions/MF_RotateV2.uexp" 1009
"../../../Engine/Plugins/Interchange/Assets/Content/gltf/MaterialFunctions/MF_TransformUVs.uasset" 1010
"../../../Engine/Plugins/Interchange/Assets/Content/gltf/MaterialFunctions/MF_TransformUVs.uexp" 1011
"../../../Engine/Plugins/Interchange/Assets/Content/gltf/MaterialBodies/MF_Unlit_Body.uasset" 1012
"../../../Engine/Plugins/Interchange/Assets/Content/gltf/MaterialBodies/MF_Unlit_Body.uexp" 1013
"../../../Engine/Plugins/Interchange/Assets/Content/gltf/M_Unlit.uasset" 1014
"../../../Engine/Plugins/Interchange/Assets/Content/gltf/M_Unlit.uexp" 1015
"../../../Engine/Plugins/Interchange/Assets/Content/gltf/MaterialInstances/MI_Unlit_Opaque_DS.uasset" 1016
"../../../Engine/Plugins/Interchange/Assets/Content/gltf/MaterialInstances/MI_Unlit_Opaque_DS.uexp" 1017
"../../../Engine/Plugins/Interchange/Assets/Content/gltf/MaterialInstances/MI_Unlit_Opaque.uasset" 1018
"../../../Engine/Plugins/Interchange/Assets/Content/gltf/MaterialInstances/MI_Unlit_Opaque.uexp" 1019
"../../../Engine/Plugins/Interchange/Assets/Content/gltf/MaterialInstances/MI_Unlit_Mask_DS.uasset" 1020
"../../../Engine/Plugins/Interchange/Assets/Content/gltf/MaterialInstances/MI_Unlit_Mask_DS.uexp" 1021
"../../../Engine/Plugins/Interchange/Assets/Content/gltf/MaterialInstances/MI_Unlit_Mask.uasset" 1022
"../../../Engine/Plugins/Interchange/Assets/Content/gltf/MaterialInstances/MI_Unlit_Mask.uexp" 1023
"../../../Engine/Plugins/Interchange/Assets/Content/gltf/MaterialInstances/MI_Unlit_Blend_DS.uasset" 1024
"../../../Engine/Plugins/Interchange/Assets/Content/gltf/MaterialInstances/MI_Unlit_Blend_DS.uexp" 1025
"../../../Engine/Plugins/Interchange/Assets/Content/gltf/MaterialInstances/MI_Unlit_Blend.uasset" 1026
"../../../Engine/Plugins/Interchange/Assets/Content/gltf/MaterialInstances/MI_Unlit_Blend.uexp" 1027
"../../../Engine/Content/EngineMaterials/Good64x64TilingNoiseHighFreq.uasset" 1028
"../../../Engine/Content/EngineMaterials/Good64x64TilingNoiseHighFreq.uexp" 1029
"../../../Engine/Content/Functions/Engine_MaterialFunctions02/Texturing/ScreenAlignedPixelToPixelUVs.uasset" 1030
"../../../Engine/Content/Functions/Engine_MaterialFunctions02/Texturing/ScreenAlignedPixelToPixelUVs.uexp" 1031
"../../../Engine/Plugins/Interchange/Assets/Content/Utilities/New_LUT.uasset" 1032
"../../../Engine/Plugins/Interchange/Assets/Content/Utilities/New_LUT.uexp" 1033
"../../../Engine/Content/Functions/Engine_MaterialFunctions03/Math/RemapValueRange.uasset" 1034
"../../../Engine/Content/Functions/Engine_MaterialFunctions03/Math/RemapValueRange.uexp" 1035
"../../../Engine/Plugins/Interchange/Assets/Content/Functions/MF_Iridescence.uasset" 1036
"../../../Engine/Plugins/Interchange/Assets/Content/Functions/MF_Iridescence.uexp" 1037
"../../../Engine/Plugins/Interchange/Assets/Content/gltf/MaterialFunctions/MF_Fresnel_DS.uasset" 1038
"../../../Engine/Plugins/Interchange/Assets/Content/gltf/MaterialFunctions/MF_Fresnel_DS.uexp" 1039
"../../../Engine/Plugins/Interchange/Assets/Content/gltf/MaterialFunctions/MF_IOR.uasset" 1040
"../../../Engine/Plugins/Interchange/Assets/Content/gltf/MaterialFunctions/MF_IOR.uexp" 1041
"../../../Engine/Plugins/Interchange/Assets/Content/gltf/MaterialFunctions/MF_Iridescence.uasset" 1042
"../../../Engine/Plugins/Interchange/Assets/Content/gltf/MaterialFunctions/MF_Iridescence.uexp" 1043
"../../../Engine/Plugins/Interchange/Assets/Content/gltf/Textures/T_White_Linear.uasset" 1044
"../../../Engine/Plugins/Interchange/Assets/Content/gltf/Textures/T_White_Linear.uexp" 1045
"../../../Engine/Plugins/Interchange/Assets/Content/gltf/MaterialFunctions/MF_MetallicRoughness.uasset" 1046
"../../../Engine/Plugins/Interchange/Assets/Content/gltf/MaterialFunctions/MF_MetallicRoughness.uexp" 1047
"../../../Engine/Plugins/Interchange/Assets/Content/gltf/MaterialFunctions/MF_RotateNormals_TS.uasset" 1048
"../../../Engine/Plugins/Interchange/Assets/Content/gltf/MaterialFunctions/MF_RotateNormals_TS.uexp" 1049
"../../../Engine/Plugins/Interchange/Assets/Content/gltf/MaterialFunctions/MF_ScaleNormal.uasset" 1050
"../../../Engine/Plugins/Interchange/Assets/Content/gltf/MaterialFunctions/MF_ScaleNormal.uexp" 1051
"../../../Engine/Plugins/Interchange/Assets/Content/gltf/Textures/T_Generic_N.uasset" 1052
"../../../Engine/Plugins/Interchange/Assets/Content/gltf/Textures/T_Generic_N.uexp" 1053
"../../../Engine/Plugins/Interchange/Assets/Content/gltf/MaterialFunctions/MF_Normals.uasset" 1054
"../../../Engine/Plugins/Interchange/Assets/Content/gltf/MaterialFunctions/MF_Normals.uexp" 1055
"../../../Engine/Plugins/Interchange/Assets/Content/gltf/MaterialFunctions/MF_Occlusion.uasset" 1056
"../../../Engine/Plugins/Interchange/Assets/Content/gltf/MaterialFunctions/MF_Occlusion.uexp" 1057
"../../../Engine/Plugins/Interchange/Assets/Content/gltf/MaterialFunctions/MF_Specular.uasset" 1058
"../../../Engine/Plugins/Interchange/Assets/Content/gltf/MaterialFunctions/MF_Specular.uexp" 1059
"../../../Engine/Plugins/Interchange/Assets/Content/gltf/Textures/T_Anisotropy_Direction_Linear.uasset" 1060
"../../../Engine/Plugins/Interchange/Assets/Content/gltf/Textures/T_Anisotropy_Direction_Linear.uexp" 1061
"../../../Engine/Plugins/Interchange/Assets/Content/gltf/MaterialFunctions/MF_SpecularAnisotropy.uasset" 1062
"../../../Engine/Plugins/Interchange/Assets/Content/gltf/MaterialFunctions/MF_SpecularAnisotropy.uexp" 1063
"../../../Engine/Plugins/Interchange/Assets/Content/gltf/MaterialFunctions/MF_Temporal_Blur.uasset" 1064
"../../../Engine/Plugins/Interchange/Assets/Content/gltf/MaterialFunctions/MF_Temporal_Blur.uexp" 1065
"../../../Engine/Plugins/Interchange/Assets/Content/gltf/MaterialFunctions/MF_Transmission.uasset" 1066
"../../../Engine/Plugins/Interchange/Assets/Content/gltf/MaterialFunctions/MF_Transmission.uexp" 1067
"../../../Engine/Plugins/Interchange/Assets/Content/gltf/MaterialBodies/MF_Transmission_Body.uasset" 1068
"../../../Engine/Plugins/Interchange/Assets/Content/gltf/MaterialBodies/MF_Transmission_Body.uexp" 1069
"../../../Engine/Plugins/Interchange/Assets/Content/gltf/M_Transmission.uasset" 1070
"../../../Engine/Plugins/Interchange/Assets/Content/gltf/M_Transmission.uexp" 1071
"../../../Engine/Plugins/Interchange/Assets/Content/gltf/MaterialInstances/MI_Transmission_DS.uasset" 1072
"../../../Engine/Plugins/Interchange/Assets/Content/gltf/MaterialInstances/MI_Transmission_DS.uexp" 1073
"../../../Engine/Plugins/Interchange/Assets/Content/gltf/MaterialInstances/MI_Transmission.uasset" 1074
"../../../Engine/Plugins/Interchange/Assets/Content/gltf/MaterialInstances/MI_Transmission.uexp" 1075
"../../../Engine/Content/Functions/Engine_MaterialFunctions02/Math/AddComponents.uasset" 1076
"../../../Engine/Content/Functions/Engine_MaterialFunctions02/Math/AddComponents.uexp" 1077
"../../../Engine/Plugins/Interchange/Assets/Content/gltf/MaterialFunctions/MF_DiffuseSpecGloss.uasset" 1078
"../../../Engine/Plugins/Interchange/Assets/Content/gltf/MaterialFunctions/MF_DiffuseSpecGloss.uexp" 1079
"../../../Engine/Plugins/Interchange/Assets/Content/gltf/MaterialFunctions/MF_Emissive.uasset" 1080
"../../../Engine/Plugins/Interchange/Assets/Content/gltf/MaterialFunctions/MF_Emissive.uexp" 1081
"../../../Engine/Plugins/Interchange/Assets/Content/gltf/MaterialFunctions/MF_MaxComponentValue.uasset" 1082
"../../../Engine/Plugins/Interchange/Assets/Content/gltf/MaterialFunctions/MF_MaxComponentValue.uexp" 1083
"../../../Engine/Plugins/Interchange/Assets/Content/gltf/MaterialFunctions/MF_PerceivedBrightness.uasset" 1084
"../../../Engine/Plugins/Interchange/Assets/Content/gltf/MaterialFunctions/MF_PerceivedBrightness.uexp" 1085
"../../../Engine/Plugins/Interchange/Assets/Content/gltf/MaterialFunctions/MF_SpecGlossToMetalRoughness.uasset" 1086
"../../../Engine/Plugins/Interchange/Assets/Content/gltf/MaterialFunctions/MF_SpecGlossToMetalRoughness.uexp" 1087
"../../../Engine/Plugins/Interchange/Assets/Content/gltf/MaterialBodies/MF_SpecularGlossiness_Body.uasset" 1088
"../../../Engine/Plugins/Interchange/Assets/Content/gltf/MaterialBodies/MF_SpecularGlossiness_Body.uexp" 1089
"../../../Engine/Plugins/Interchange/Assets/Content/gltf/M_SpecularGlossiness.uasset" 1090
"../../../Engine/Plugins/Interchange/Assets/Content/gltf/M_SpecularGlossiness.uexp" 1091
"../../../Engine/Plugins/Interchange/Assets/Content/gltf/MaterialInstances/MI_SpecularGlossiness_Opaque_DS.uasset" 1092
"../../../Engine/Plugins/Interchange/Assets/Content/gltf/MaterialInstances/MI_SpecularGlossiness_Opaque_DS.uexp" 1093
"../../../Engine/Plugins/Interchange/Assets/Content/gltf/MaterialInstances/MI_SpecularGlossiness_Opaque.uasset" 1094
"../../../Engine/Plugins/Interchange/Assets/Content/gltf/MaterialInstances/MI_SpecularGlossiness_Opaque.uexp" 1095
"../../../Engine/Plugins/Interchange/Assets/Content/gltf/MaterialInstances/MI_SpecularGlossiness_Mask_DS.uasset" 1096
"../../../Engine/Plugins/Interchange/Assets/Content/gltf/MaterialInstances/MI_SpecularGlossiness_Mask_DS.uexp" 1097
"../../../Engine/Plugins/Interchange/Assets/Content/gltf/MaterialInstances/MI_SpecularGlossiness_Mask.uasset" 1098
"../../../Engine/Plugins/Interchange/Assets/Content/gltf/MaterialInstances/MI_SpecularGlossiness_Mask.uexp" 1099
"../../../Engine/Plugins/Interchange/Assets/Content/gltf/MaterialInstances/MI_SpecularGlossiness_Blend_DS.uasset" 1100
"../../../Engine/Plugins/Interchange/Assets/Content/gltf/MaterialInstances/MI_SpecularGlossiness_Blend_DS.uexp" 1101
"../../../Engine/Plugins/Interchange/Assets/Content/gltf/MaterialInstances/MI_SpecularGlossiness_Blend.uasset" 1102
"../../../Engine/Plugins/Interchange/Assets/Content/gltf/MaterialInstances/MI_SpecularGlossiness_Blend.uexp" 1103
"../../../Engine/Plugins/Interchange/Assets/Content/gltf/MaterialFunctions/MF_Sheen.uasset" 1104
"../../../Engine/Plugins/Interchange/Assets/Content/gltf/MaterialFunctions/MF_Sheen.uexp" 1105
"../../../Engine/Plugins/Interchange/Assets/Content/gltf/MaterialBodies/MF_Sheen_Body.uasset" 1106
"../../../Engine/Plugins/Interchange/Assets/Content/gltf/MaterialBodies/MF_Sheen_Body.uexp" 1107
"../../../Engine/Plugins/Interchange/Assets/Content/gltf/M_Sheen.uasset" 1108
"../../../Engine/Plugins/Interchange/Assets/Content/gltf/M_Sheen.uexp" 1109
"../../../Engine/Plugins/Interchange/Assets/Content/gltf/MaterialInstances/MI_Sheen_Opaque_DS.uasset" 1110
"../../../Engine/Plugins/Interchange/Assets/Content/gltf/MaterialInstances/MI_Sheen_Opaque_DS.uexp" 1111
"../../../Engine/Plugins/Interchange/Assets/Content/gltf/MaterialInstances/MI_Sheen_Opaque.uasset" 1112
"../../../Engine/Plugins/Interchange/Assets/Content/gltf/MaterialInstances/MI_Sheen_Opaque.uexp" 1113
"../../../Engine/Plugins/Interchange/Assets/Content/gltf/MaterialInstances/MI_Sheen_Mask_DS.uasset" 1114
"../../../Engine/Plugins/Interchange/Assets/Content/gltf/MaterialInstances/MI_Sheen_Mask_DS.uexp" 1115
"../../../Engine/Plugins/Interchange/Assets/Content/gltf/MaterialInstances/MI_Sheen_Mask.uasset" 1116
"../../../Engine/Plugins/Interchange/Assets/Content/gltf/MaterialInstances/MI_Sheen_Mask.uexp" 1117
"../../../Engine/Plugins/Interchange/Assets/Content/gltf/MaterialInstances/MI_Sheen_Blend_DS.uasset" 1118
"../../../Engine/Plugins/Interchange/Assets/Content/gltf/MaterialInstances/MI_Sheen_Blend_DS.uexp" 1119
"../../../Engine/Plugins/Interchange/Assets/Content/gltf/MaterialInstances/MI_Sheen_Blend.uasset" 1120
"../../../Engine/Plugins/Interchange/Assets/Content/gltf/MaterialInstances/MI_Sheen_Blend.uexp" 1121
"../../../Engine/Plugins/Interchange/Assets/Content/gltf/MaterialBodies/MF_Default_Body.uasset" 1122
"../../../Engine/Plugins/Interchange/Assets/Content/gltf/MaterialBodies/MF_Default_Body.uexp" 1123
"../../../Engine/Plugins/Interchange/Assets/Content/gltf/M_Default.uasset" 1124
"../../../Engine/Plugins/Interchange/Assets/Content/gltf/M_Default.uexp" 1125
"../../../Engine/Plugins/Interchange/Assets/Content/gltf/MaterialInstances/MI_Default_Opaque_DS.uasset" 1126
"../../../Engine/Plugins/Interchange/Assets/Content/gltf/MaterialInstances/MI_Default_Opaque_DS.uexp" 1127
"../../../Engine/Plugins/Interchange/Assets/Content/gltf/MaterialInstances/MI_Default_Opaque.uasset" 1128
"../../../Engine/Plugins/Interchange/Assets/Content/gltf/MaterialInstances/MI_Default_Opaque.uexp" 1129
"../../../Engine/Plugins/Interchange/Assets/Content/gltf/MaterialInstances/MI_Default_Mask_DS.uasset" 1130
"../../../Engine/Plugins/Interchange/Assets/Content/gltf/MaterialInstances/MI_Default_Mask_DS.uexp" 1131
"../../../Engine/Plugins/Interchange/Assets/Content/gltf/MaterialInstances/MI_Default_Mask.uasset" 1132
"../../../Engine/Plugins/Interchange/Assets/Content/gltf/MaterialInstances/MI_Default_Mask.uexp" 1133
"../../../Engine/Plugins/Interchange/Assets/Content/gltf/MaterialInstances/MI_Default_Blend_DS.uasset" 1134
"../../../Engine/Plugins/Interchange/Assets/Content/gltf/MaterialInstances/MI_Default_Blend_DS.uexp" 1135
"../../../Engine/Plugins/Interchange/Assets/Content/gltf/MaterialInstances/MI_Default_Blend.uasset" 1136
"../../../Engine/Plugins/Interchange/Assets/Content/gltf/MaterialInstances/MI_Default_Blend.uexp" 1137
"../../../Engine/Content/Functions/Engine_MaterialFunctions01/Texturing/FlattenNormal.uasset" 1138
"../../../Engine/Content/Functions/Engine_MaterialFunctions01/Texturing/FlattenNormal.uexp" 1139
"../../../Engine/Plugins/Interchange/Assets/Content/gltf/MaterialFunctions/MF_Clearcoat.uasset" 1140
"../../../Engine/Plugins/Interchange/Assets/Content/gltf/MaterialFunctions/MF_Clearcoat.uexp" 1141
"../../../Engine/Plugins/Interchange/Assets/Content/gltf/MaterialBodies/MF_ClearCoat_Body.uasset" 1142
"../../../Engine/Plugins/Interchange/Assets/Content/gltf/MaterialBodies/MF_ClearCoat_Body.uexp" 1143
"../../../Engine/Plugins/Interchange/Assets/Content/gltf/M_ClearCoat.uasset" 1144
"../../../Engine/Plugins/Interchange/Assets/Content/gltf/M_ClearCoat.uexp" 1145
"../../../Engine/Plugins/Interchange/Assets/Content/gltf/MaterialInstances/MI_ClearCoat_Opaque_DS.uasset" 1146
"../../../Engine/Plugins/Interchange/Assets/Content/gltf/MaterialInstances/MI_ClearCoat_Opaque_DS.uexp" 1147
"../../../Engine/Plugins/Interchange/Assets/Content/gltf/MaterialInstances/MI_ClearCoat_Opaque.uasset" 1148
"../../../Engine/Plugins/Interchange/Assets/Content/gltf/MaterialInstances/MI_ClearCoat_Opaque.uexp" 1149
"../../../Engine/Plugins/Interchange/Assets/Content/gltf/MaterialInstances/MI_ClearCoat_Mask_DS.uasset" 1150
"../../../Engine/Plugins/Interchange/Assets/Content/gltf/MaterialInstances/MI_ClearCoat_Mask_DS.uexp" 1151
"../../../Engine/Plugins/Interchange/Assets/Content/gltf/MaterialInstances/MI_ClearCoat_Mask.uasset" 1152
"../../../Engine/Plugins/Interchange/Assets/Content/gltf/MaterialInstances/MI_ClearCoat_Mask.uexp" 1153
"../../../Engine/Plugins/Interchange/Assets/Content/gltf/MaterialInstances/MI_ClearCoat_Blend_DS.uasset" 1154
"../../../Engine/Plugins/Interchange/Assets/Content/gltf/MaterialInstances/MI_ClearCoat_Blend_DS.uexp" 1155
"../../../Engine/Plugins/Interchange/Assets/Content/gltf/MaterialInstances/MI_ClearCoat_Blend.uasset" 1156
"../../../Engine/Plugins/Interchange/Assets/Content/gltf/MaterialInstances/MI_ClearCoat_Blend.uexp" 1157
"../../../Engine/Content/EngineMaterials/Substrate/Volume/SubstrateSimpleVolumeLUT3D.uasset" 1158
"../../../Engine/Content/EngineMaterials/Substrate/Volume/SubstrateSimpleVolumeLUT3D.uexp" 1159
"../../../Engine/Content/EngineMaterials/Substrate/Volume/SubstrateSimpleVolumeEnvLUT3D.uasset" 1160
"../../../Engine/Content/EngineMaterials/Substrate/Volume/SubstrateSimpleVolumeEnvLUT3D.uexp" 1161
"../../../Engine/Content/EngineMaterials/Substrate/Glints2/AGlintTex2dArray2.uasset" 1162
"../../../Engine/Content/EngineMaterials/Substrate/Glints2/AGlintTex2dArray2.uexp" 1163
"../../../Engine/Content/EngineMaterials/Substrate/GLints/AGlintTex2dArray.uasset" 1164
"../../../Engine/Content/EngineMaterials/Substrate/GLints/AGlintTex2dArray.uexp" 1165
"../../../Engine/Content/ArtTools/RenderToTexture/Meshes/S_1_Unit_Plane.ubulk" 1166
"../../../Engine/Content/ArtTools/RenderToTexture/Meshes/S_1_Unit_Plane.uasset" 1167
"../../../Engine/Content/ArtTools/RenderToTexture/Meshes/S_1_Unit_Plane.uexp" 1168
"../../../Engine/Content/Functions/Engine_MaterialFunctions01/Shading/PowerToRoughness.uasset" 1169
"../../../Engine/Content/Functions/Engine_MaterialFunctions01/Shading/PowerToRoughness.uexp" 1170
"../../../Engine/Content/Functions/Engine_MaterialFunctions01/Shading/ConvertFromDiffSpec.uasset" 1171
"../../../Engine/Content/Functions/Engine_MaterialFunctions01/Shading/ConvertFromDiffSpec.uexp" 1172
"../../../Engine/Plugins/Animation/DeformerGraph/Content/DeformerFunctions/DG_Function_LinearBlendSkin_Morph_Cloth.uasset" 1173
"../../../Engine/Plugins/Animation/DeformerGraph/Content/DeformerFunctions/DG_Function_LinearBlendSkin_Morph_Cloth.uexp" 1174
"../../../Engine/Plugins/Animation/DeformerGraph/Content/Deformers/DG_LinearBlendSkin_Morph_Cloth.uasset" 1175
"../../../Engine/Plugins/Animation/DeformerGraph/Content/Deformers/DG_LinearBlendSkin_Morph_Cloth.uexp" 1176
"../../../Engine/Plugins/Animation/DeformerGraph/Content/DeformerFunctions/DG_Function_LinearBlendSkin_Morph_Cloth_PositionOnly.uasset" 1177
"../../../Engine/Plugins/Animation/DeformerGraph/Content/DeformerFunctions/DG_Function_LinearBlendSkin_Morph_Cloth_PositionOnly.uexp" 1178
"../../../Engine/Plugins/Animation/DeformerGraph/Content/DeformerFunctions/DG_Function_ComputeNormalsTangents.uasset" 1179
"../../../Engine/Plugins/Animation/DeformerGraph/Content/DeformerFunctions/DG_Function_ComputeNormalsTangents.uexp" 1180
"../../../Engine/Plugins/Animation/DeformerGraph/Content/Deformers/DG_LinearBlendSkin_Morph_Cloth_RecomputeNormals.uasset" 1181
"../../../Engine/Plugins/Animation/DeformerGraph/Content/Deformers/DG_LinearBlendSkin_Morph_Cloth_RecomputeNormals.uexp" 1182
"../../../Engine/Plugins/NNE/NNEDenoiser/Content/NNEDT_Oidn2-3_Balanced.uasset" 1183
"../../../Engine/Plugins/NNE/NNEDenoiser/Content/NNEDT_Oidn2-3_Balanced.uexp" 1184
"../../../Engine/Plugins/NNE/NNEDenoiser/Content/NNEDT_Oidn2-3_Balanced_Alpha.uasset" 1185
"../../../Engine/Plugins/NNE/NNEDenoiser/Content/NNEDT_Oidn2-3_Balanced_Alpha.uexp" 1186
"../../../Engine/Plugins/NNE/NNEDenoiser/Content/NNED_Oidn2-3_Balanced.uasset" 1187
"../../../Engine/Plugins/NNE/NNEDenoiser/Content/NNED_Oidn2-3_Balanced.uexp" 1188
"../../../Engine/Plugins/NNE/NNEDenoiser/Content/NNED_Oidn2-3_Balanced_Alpha.uasset" 1189
"../../../Engine/Plugins/NNE/NNEDenoiser/Content/NNED_Oidn2-3_Balanced_Alpha.uexp" 1190
"../../../Engine/Plugins/NNE/NNEDenoiser/Content/NNED_Oidn2-3_Fast.uasset" 1191
"../../../Engine/Plugins/NNE/NNEDenoiser/Content/NNED_Oidn2-3_Fast.uexp" 1192
"../../../Engine/Plugins/NNE/NNEDenoiser/Content/NNED_Oidn2-3_Fast_Alpha.uasset" 1193
"../../../Engine/Plugins/NNE/NNEDenoiser/Content/NNED_Oidn2-3_Fast_Alpha.uexp" 1194
"../../../Engine/Plugins/NNE/NNEDenoiser/Content/NNED_Oidn2-3_HighQuality.uasset" 1195
"../../../Engine/Plugins/NNE/NNEDenoiser/Content/NNED_Oidn2-3_HighQuality.uexp" 1196
"../../../Engine/Plugins/NNE/NNEDenoiser/Content/NNED_Oidn2-3_HighQuality_Alpha.uasset" 1197
"../../../Engine/Plugins/NNE/NNEDenoiser/Content/NNED_Oidn2-3_HighQuality_Alpha.uexp" 1198
"../../../Engine/Content/BasicShapes/Plane.ubulk" 1199
"../../../Engine/Content/BasicShapes/Plane.uasset" 1200
"../../../Engine/Content/BasicShapes/Plane.uexp" 1201
"../../../Engine/Content/EngineSky/T_Sky_Stars.ubulk" 1202
"../../../Engine/Content/EngineSky/T_Sky_Stars.uasset" 1203
"../../../Engine/Content/EngineSky/T_Sky_Stars.uexp" 1204
"../../../Engine/Content/EngineSky/T_Sky_Clouds_M.ubulk" 1205
"../../../Engine/Content/EngineSky/T_Sky_Clouds_M.uasset" 1206
"../../../Engine/Content/EngineSky/T_Sky_Clouds_M.uexp" 1207
"../../../Engine/Content/EngineSky/T_Sky_Blue.ubulk" 1208
"../../../Engine/Content/EngineSky/T_Sky_Blue.uasset" 1209
"../../../Engine/Content/EngineSky/T_Sky_Blue.uexp" 1210
"../../../Engine/Content/EngineSky/M_Sky_Panning_Clouds2.uasset" 1211
"../../../Engine/Content/EngineSky/M_Sky_Panning_Clouds2.uexp" 1212
"../../../Engine/Content/EngineSky/SM_SkySphere.ubulk" 1213
"../../../Engine/Content/EngineSky/SM_SkySphere.uasset" 1214
"../../../Engine/Content/EngineSky/SM_SkySphere.uexp" 1215
"../../../Engine/Content/EngineResources/DefaultTextureCube.uasset" 1216
"../../../Engine/Content/EngineResources/DefaultTextureCube.uexp" 1217
"../../../Engine/Content/Functions/Engine_MaterialFunctions02/WorldPositionOffset/ObjectPivotPoint.uasset" 1218
"../../../Engine/Content/Functions/Engine_MaterialFunctions02/WorldPositionOffset/ObjectPivotPoint.uexp" 1219
"../../../Engine/Plugins/Runtime/HDRIBackdrop/Content/Materials/HDRI_Attributes.uasset" 1220
"../../../Engine/Plugins/Runtime/HDRIBackdrop/Content/Materials/HDRI_Attributes.uexp" 1221
"../../../Engine/Plugins/Runtime/HDRIBackdrop/Content/Materials/HDRI_Projection_Sky.uasset" 1222
"../../../Engine/Plugins/Runtime/HDRIBackdrop/Content/Materials/HDRI_Projection_Sky.uexp" 1223
"../../../Engine/Plugins/Runtime/HDRIBackdrop/Content/Materials/MI_HDRI_Sky.uasset" 1224
"../../../Engine/Plugins/Runtime/HDRIBackdrop/Content/Materials/MI_HDRI_Sky.uexp" 1225
"../../../Engine/Plugins/Runtime/HDRIBackdrop/Content/Materials/HDRI_Projection_Floor.uasset" 1226
"../../../Engine/Plugins/Runtime/HDRIBackdrop/Content/Materials/HDRI_Projection_Floor.uexp" 1227
"../../../Engine/Plugins/Runtime/HDRIBackdrop/Content/Materials/MI_HDRI_Floor.uasset" 1228
"../../../Engine/Plugins/Runtime/HDRIBackdrop/Content/Materials/MI_HDRI_Floor.uexp" 1229
"../../../Engine/Plugins/Runtime/HDRIBackdrop/Content/Textures/approaching_storm_4k.uasset" 1230
"../../../Engine/Plugins/Runtime/HDRIBackdrop/Content/Textures/approaching_storm_4k.uexp" 1231
"../../../Engine/Plugins/Runtime/HDRIBackdrop/Content/Meshes/EnviroDome.ubulk" 1232
"../../../Engine/Plugins/Runtime/HDRIBackdrop/Content/Meshes/EnviroDome.uasset" 1233
"../../../Engine/Plugins/Runtime/HDRIBackdrop/Content/Meshes/EnviroDome.uexp" 1234
"../../../Engine/Plugins/Runtime/HDRIBackdrop/Content/Blueprints/HDRIBackdrop.uasset" 1235
"../../../Engine/Plugins/Runtime/HDRIBackdrop/Content/Blueprints/HDRIBackdrop.uexp" 1236
"C:/Users/marco/Documents/Unreal Projects/AlienIsolation/Content/Variant_Horror/Blueprints/Light/Assets/Materials/LF_Flicker.uasset" 1237
"C:/Users/marco/Documents/Unreal Projects/AlienIsolation/Content/Variant_Horror/Blueprints/Light/Assets/Materials/LF_Flicker.uexp" 1238
"C:/Users/marco/Documents/Unreal Projects/AlienIsolation/Content/_VFX/SoundAttenuationSpatial.uasset" 1239
"C:/Users/marco/Documents/Unreal Projects/AlienIsolation/Content/_VFX/SoundAttenuationSpatial.uexp" 1240
"C:/Users/marco/Documents/Unreal Projects/AlienIsolation/Content/_VFX/Audio/Door/DoorA.ubulk" 1241
"C:/Users/marco/Documents/Unreal Projects/AlienIsolation/Content/_VFX/Audio/Door/DoorA.uasset" 1242
"C:/Users/marco/Documents/Unreal Projects/AlienIsolation/Content/_VFX/Audio/Door/DoorA.uexp" 1243
"C:/Users/marco/Documents/Unreal Projects/AlienIsolation/Content/_Prefabs/standardSurface3.uasset" 1244
"C:/Users/marco/Documents/Unreal Projects/AlienIsolation/Content/_Prefabs/standardSurface3.uexp" 1245
"../../../Engine/Plugins/Interchange/Assets/Content/Functions/MF_PhongToMetalRoughness.uasset" 1246
"../../../Engine/Plugins/Interchange/Assets/Content/Functions/MF_PhongToMetalRoughness.uexp" 1247
"C:/Users/marco/Documents/Unreal Projects/AlienIsolation/Content/_Prefabs/phong1.uasset" 1248
"C:/Users/marco/Documents/Unreal Projects/AlienIsolation/Content/_Prefabs/phong1.uexp" 1249
"C:/Users/marco/Documents/Unreal Projects/AlienIsolation/Content/_Prefabs/MedDoorRight.ubulk" 1250
"C:/Users/marco/Documents/Unreal Projects/AlienIsolation/Content/_Prefabs/MedDoorRight.uasset" 1251
"C:/Users/marco/Documents/Unreal Projects/AlienIsolation/Content/_Prefabs/MedDoorRight.uexp" 1252
"C:/Users/marco/Documents/Unreal Projects/AlienIsolation/Content/_Prefabs/MedDoorLeft.ubulk" 1253
"C:/Users/marco/Documents/Unreal Projects/AlienIsolation/Content/_Prefabs/MedDoorLeft.uasset" 1254
"C:/Users/marco/Documents/Unreal Projects/AlienIsolation/Content/_Prefabs/MedDoorLeft.uexp" 1255
"C:/Users/marco/Documents/Unreal Projects/AlienIsolation/Content/_Prefabs/Doorframe_Med.ubulk" 1256
"C:/Users/marco/Documents/Unreal Projects/AlienIsolation/Content/_Prefabs/Doorframe_Med.uasset" 1257
"C:/Users/marco/Documents/Unreal Projects/AlienIsolation/Content/_Prefabs/Doorframe_Med.uexp" 1258
"C:/Users/marco/Documents/Unreal Projects/AlienIsolation/Content/_Blueprints/BP_MedDoor.uasset" 1259
"C:/Users/marco/Documents/Unreal Projects/AlienIsolation/Content/_Blueprints/BP_MedDoor.uexp" 1260
"C:/Users/marco/Documents/Unreal Projects/AlienIsolation/Content/_VFX/Audio/Door/sci_fi_door-6451_by_freesound_community.ubulk" 1261
"C:/Users/marco/Documents/Unreal Projects/AlienIsolation/Content/_VFX/Audio/Door/sci_fi_door-6451_by_freesound_community.uasset" 1262
"C:/Users/marco/Documents/Unreal Projects/AlienIsolation/Content/_VFX/Audio/Door/sci_fi_door-6451_by_freesound_community.uexp" 1263
"C:/Users/marco/Documents/Unreal Projects/AlienIsolation/Content/_Prefabs/standardSurface4.uasset" 1264
"C:/Users/marco/Documents/Unreal Projects/AlienIsolation/Content/_Prefabs/standardSurface4.uexp" 1265
"C:/Users/marco/Documents/Unreal Projects/AlienIsolation/Content/_Prefabs/Door_Hallway.ubulk" 1266
"C:/Users/marco/Documents/Unreal Projects/AlienIsolation/Content/_Prefabs/Door_Hallway.uasset" 1267
"C:/Users/marco/Documents/Unreal Projects/AlienIsolation/Content/_Prefabs/Door_Hallway.uexp" 1268
"C:/Users/marco/Documents/Unreal Projects/AlienIsolation/Content/_Prefabs/Doorframe_Hallway.ubulk" 1269
"C:/Users/marco/Documents/Unreal Projects/AlienIsolation/Content/_Prefabs/Doorframe_Hallway.uasset" 1270
"C:/Users/marco/Documents/Unreal Projects/AlienIsolation/Content/_Prefabs/Doorframe_Hallway.uexp" 1271
"C:/Users/marco/Documents/Unreal Projects/AlienIsolation/Content/_Blueprints/BP_HallwayDoor.uasset" 1272
"C:/Users/marco/Documents/Unreal Projects/AlienIsolation/Content/_Blueprints/BP_HallwayDoor.uexp" 1273
"C:/Users/marco/Documents/Unreal Projects/AlienIsolation/Content/_Prefabs/phong3.uasset" 1274
"C:/Users/marco/Documents/Unreal Projects/AlienIsolation/Content/_Prefabs/phong3.uexp" 1275
"C:/Users/marco/Documents/Unreal Projects/AlienIsolation/Content/_Prefabs/Door_C.ubulk" 1276
"C:/Users/marco/Documents/Unreal Projects/AlienIsolation/Content/_Prefabs/Door_C.uasset" 1277
"C:/Users/marco/Documents/Unreal Projects/AlienIsolation/Content/_Prefabs/Door_C.uexp" 1278
"C:/Users/marco/Documents/Unreal Projects/AlienIsolation/Content/_Prefabs/phong2.uasset" 1279
"C:/Users/marco/Documents/Unreal Projects/AlienIsolation/Content/_Prefabs/phong2.uexp" 1280
"C:/Users/marco/Documents/Unreal Projects/AlienIsolation/Content/_Prefabs/Doorframe_C.ubulk" 1281
"C:/Users/marco/Documents/Unreal Projects/AlienIsolation/Content/_Prefabs/Doorframe_C.uasset" 1282
"C:/Users/marco/Documents/Unreal Projects/AlienIsolation/Content/_Prefabs/Doorframe_C.uexp" 1283
"C:/Users/marco/Documents/Unreal Projects/AlienIsolation/Content/_Blueprints/BP_DoorC.uasset" 1284
"C:/Users/marco/Documents/Unreal Projects/AlienIsolation/Content/_Blueprints/BP_DoorC.uexp" 1285
"C:/Users/marco/Documents/Unreal Projects/AlienIsolation/Content/_VFX/Audio/Door/Locker_Close_HD.ubulk" 1286
"C:/Users/marco/Documents/Unreal Projects/AlienIsolation/Content/_VFX/Audio/Door/Locker_Close_HD.uasset" 1287
"C:/Users/marco/Documents/Unreal Projects/AlienIsolation/Content/_VFX/Audio/Door/Locker_Close_HD.uexp" 1288
"../../../Engine/Content/Functions/Engine_MaterialFunctions01/Gradient/LinearGradient.uasset" 1289
"../../../Engine/Content/Functions/Engine_MaterialFunctions01/Gradient/LinearGradient.uexp" 1290
"../../../Engine/Content/Functions/Engine_MaterialFunctions01/ImageAdjustment/CheapContrast.uasset" 1291
"../../../Engine/Content/Functions/Engine_MaterialFunctions01/ImageAdjustment/CheapContrast.uexp" 1292
"C:/Users/marco/Documents/Unreal Projects/AlienIsolation/Content/LevelPrototyping/Textures/T_GridChecker_A.ubulk" 1293
"C:/Users/marco/Documents/Unreal Projects/AlienIsolation/Content/LevelPrototyping/Textures/T_GridChecker_A.uasset" 1294
"C:/Users/marco/Documents/Unreal Projects/AlienIsolation/Content/LevelPrototyping/Textures/T_GridChecker_A.uexp" 1295
"C:/Users/marco/Documents/Unreal Projects/AlienIsolation/Content/LevelPrototyping/Materials/MF_ProcGrid.uasset" 1296
"C:/Users/marco/Documents/Unreal Projects/AlienIsolation/Content/LevelPrototyping/Materials/MF_ProcGrid.uexp" 1297
"C:/Users/marco/Documents/Unreal Projects/AlienIsolation/Content/LevelPrototyping/Materials/M_PrototypeGrid.uasset" 1298
"C:/Users/marco/Documents/Unreal Projects/AlienIsolation/Content/LevelPrototyping/Materials/M_PrototypeGrid.uexp" 1299
"C:/Users/marco/Documents/Unreal Projects/AlienIsolation/Content/LevelPrototyping/Materials/MI_PrototypeGrid_Gray.uasset" 1300
"C:/Users/marco/Documents/Unreal Projects/AlienIsolation/Content/LevelPrototyping/Materials/MI_PrototypeGrid_Gray.uexp" 1301
"C:/Users/marco/Documents/Unreal Projects/AlienIsolation/Content/_Models/LockerBody.ubulk" 1302
"C:/Users/marco/Documents/Unreal Projects/AlienIsolation/Content/_Models/LockerBody.uasset" 1303
"C:/Users/marco/Documents/Unreal Projects/AlienIsolation/Content/_Models/LockerBody.uexp" 1304
"C:/Users/marco/Documents/Unreal Projects/AlienIsolation/Content/_Models/DoorOpen.ubulk" 1305
"C:/Users/marco/Documents/Unreal Projects/AlienIsolation/Content/_Models/DoorOpen.uasset" 1306
"C:/Users/marco/Documents/Unreal Projects/AlienIsolation/Content/_Models/DoorOpen.uexp" 1307
"C:/Users/marco/Documents/Unreal Projects/AlienIsolation/Content/StarterContent/Textures/T_MacroVariation.uasset" 1308
"C:/Users/marco/Documents/Unreal Projects/AlienIsolation/Content/StarterContent/Textures/T_MacroVariation.uexp" 1309
"C:/Users/marco/Documents/Unreal Projects/AlienIsolation/Content/StarterContent/Materials/M_Metal_Chrome.uasset" 1310
"C:/Users/marco/Documents/Unreal Projects/AlienIsolation/Content/StarterContent/Materials/M_Metal_Chrome.uexp" 1311
"C:/Users/marco/Documents/Unreal Projects/AlienIsolation/Content/_Blueprints/BP_Hide.uasset" 1312
"C:/Users/marco/Documents/Unreal Projects/AlienIsolation/Content/_Blueprints/BP_Hide.uexp" 1313
"C:/Users/marco/Documents/Unreal Projects/AlienIsolation/Content/_Blueprints/BP_Hide_Locker.uasset" 1314
"C:/Users/marco/Documents/Unreal Projects/AlienIsolation/Content/_Blueprints/BP_Hide_Locker.uexp" 1315
"../../../Engine/Plugins/FX/Niagara/Content/VectorFields/Assets/TilingCurl32.uasset" 1316
"../../../Engine/Plugins/FX/Niagara/Content/VectorFields/Assets/TilingCurl32.uexp" 1317
"C:/Users/marco/Documents/Unreal Projects/AlienIsolation/Content/StarterContent/Textures/T_Smoke_Tiled_D.ubulk" 1318
"C:/Users/marco/Documents/Unreal Projects/AlienIsolation/Content/StarterContent/Textures/T_Smoke_Tiled_D.uasset" 1319
"C:/Users/marco/Documents/Unreal Projects/AlienIsolation/Content/StarterContent/Textures/T_Smoke_Tiled_D.uexp" 1320
"C:/Users/marco/Documents/Unreal Projects/AlienIsolation/Content/StarterContent/Textures/T_Smoke_SubUV.ubulk" 1321
"C:/Users/marco/Documents/Unreal Projects/AlienIsolation/Content/StarterContent/Textures/T_Smoke_SubUV.uasset" 1322
"C:/Users/marco/Documents/Unreal Projects/AlienIsolation/Content/StarterContent/Textures/T_Smoke_SubUV.uexp" 1323
"C:/Users/marco/Documents/Unreal Projects/AlienIsolation/Content/StarterContent/Particles/Materials/M_smoke_subUV.uasset" 1324
"C:/Users/marco/Documents/Unreal Projects/AlienIsolation/Content/StarterContent/Particles/Materials/M_smoke_subUV.uexp" 1325
"C:/Users/marco/Documents/Unreal Projects/AlienIsolation/Content/_VFX/NS_PipeFog.uasset" 1326
"C:/Users/marco/Documents/Unreal Projects/AlienIsolation/Content/_VFX/NS_PipeFog.uexp" 1327
"C:/Users/marco/Documents/Unreal Projects/AlienIsolation/Content/_Materials/SmokeParticles.ubulk" 1328
"C:/Users/marco/Documents/Unreal Projects/AlienIsolation/Content/_Materials/SmokeParticles.uasset" 1329
"C:/Users/marco/Documents/Unreal Projects/AlienIsolation/Content/_Materials/SmokeParticles.uexp" 1330
"C:/Users/marco/Documents/Unreal Projects/AlienIsolation/Content/_Materials/M_SmokeParticles.uasset" 1331
"C:/Users/marco/Documents/Unreal Projects/AlienIsolation/Content/_Materials/M_SmokeParticles.uexp" 1332
"C:/Users/marco/Documents/Unreal Projects/AlienIsolation/Content/_VFX/BP_PipeSmokee.uasset" 1333
"C:/Users/marco/Documents/Unreal Projects/AlienIsolation/Content/_VFX/BP_PipeSmokee.uexp" 1334
"C:/Users/marco/Documents/Unreal Projects/AlienIsolation/Content/_VFX/Jumpscares/MP_Alien.uasset" 1335
"C:/Users/marco/Documents/Unreal Projects/AlienIsolation/Content/_VFX/Jumpscares/MP_Alien.uexp" 1336
"C:/Users/marco/Documents/Unreal Projects/AlienIsolation/Content/_VFX/Jumpscares/MP_Alien_Video.uasset" 1337
"C:/Users/marco/Documents/Unreal Projects/AlienIsolation/Content/_VFX/Jumpscares/MP_Alien_Video.uexp" 1338
"C:/Users/marco/Documents/Unreal Projects/AlienIsolation/Content/_VFX/Jumpscares/AlienWalk_-_Made_with_Clipchamp.uasset" 1339
"C:/Users/marco/Documents/Unreal Projects/AlienIsolation/Content/_VFX/Jumpscares/AlienWalk_-_Made_with_Clipchamp.uexp" 1340
"C:/Users/marco/Documents/Unreal Projects/AlienIsolation/Content/_VFX/Jumpscares/AlienSequence.uasset" 1341
"C:/Users/marco/Documents/Unreal Projects/AlienIsolation/Content/_VFX/Jumpscares/AlienSequence.uexp" 1342
"C:/Users/marco/Documents/Unreal Projects/AlienIsolation/Content/_VFX/Jumpscares/AlienWalkFront/MP_AlienFront.uasset" 1343
"C:/Users/marco/Documents/Unreal Projects/AlienIsolation/Content/_VFX/Jumpscares/AlienWalkFront/MP_AlienFront.uexp" 1344
"C:/Users/marco/Documents/Unreal Projects/AlienIsolation/Content/_VFX/Jumpscares/AlienWalkFront/MP_AlienFront_Video.uasset" 1345
"C:/Users/marco/Documents/Unreal Projects/AlienIsolation/Content/_VFX/Jumpscares/AlienWalkFront/MP_AlienFront_Video.uexp" 1346
"C:/Users/marco/Documents/Unreal Projects/AlienIsolation/Content/_VFX/Jumpscares/AlienWalkFront/AlienWalkFront_-_Made_with_Clipchamp.uasset" 1347
"C:/Users/marco/Documents/Unreal Projects/AlienIsolation/Content/_VFX/Jumpscares/AlienWalkFront/AlienWalkFront_-_Made_with_Clipchamp.uexp" 1348
"C:/Users/marco/Documents/Unreal Projects/AlienIsolation/Content/_VFX/Jumpscares/AlienWalkFront/AlienFrontWalk.uasset" 1349
"C:/Users/marco/Documents/Unreal Projects/AlienIsolation/Content/_VFX/Jumpscares/AlienWalkFront/AlienFrontWalk.uexp" 1350
"C:/Users/marco/Documents/Unreal Projects/AlienIsolation/Content/_Models/UV_5.uasset" 1351
"C:/Users/marco/Documents/Unreal Projects/AlienIsolation/Content/_Models/UV_5.uexp" 1352
"C:/Users/marco/Documents/Unreal Projects/AlienIsolation/Content/_Models/UV_3_White_Pad_Alt.uasset" 1353
"C:/Users/marco/Documents/Unreal Projects/AlienIsolation/Content/_Models/UV_3_White_Pad_Alt.uexp" 1354
"C:/Users/marco/Documents/Unreal Projects/AlienIsolation/Content/_Models/standardSurface8.uasset" 1355
"C:/Users/marco/Documents/Unreal Projects/AlienIsolation/Content/_Models/standardSurface8.uexp" 1356
"C:/Users/marco/Documents/Unreal Projects/AlienIsolation/Content/_Models/standardSurface1.uasset" 1357
"C:/Users/marco/Documents/Unreal Projects/AlienIsolation/Content/_Models/standardSurface1.uexp" 1358
"C:/Users/marco/Documents/Unreal Projects/AlienIsolation/Content/_Materials/UV_8/hallway_floor_ceiling_lambert7_OcclusionRoughnessMetallic.ubulk" 1359
"C:/Users/marco/Documents/Unreal Projects/AlienIsolation/Content/_Materials/UV_8/hallway_floor_ceiling_lambert7_OcclusionRoughnessMetallic.uasset" 1360
"C:/Users/marco/Documents/Unreal Projects/AlienIsolation/Content/_Materials/UV_8/hallway_floor_ceiling_lambert7_OcclusionRoughnessMetallic.uexp" 1361
"C:/Users/marco/Documents/Unreal Projects/AlienIsolation/Content/_Materials/UV_8/hallway_floor_ceiling_lambert7_Normal.ubulk" 1362
"C:/Users/marco/Documents/Unreal Projects/AlienIsolation/Content/_Materials/UV_8/hallway_floor_ceiling_lambert7_Normal.uasset" 1363
"C:/Users/marco/Documents/Unreal Projects/AlienIsolation/Content/_Materials/UV_8/hallway_floor_ceiling_lambert7_Normal.uexp" 1364
"C:/Users/marco/Documents/Unreal Projects/AlienIsolation/Content/_Materials/UV_8/hallway_floor_ceiling_lambert7_BaseColor.ubulk" 1365
"C:/Users/marco/Documents/Unreal Projects/AlienIsolation/Content/_Materials/UV_8/hallway_floor_ceiling_lambert7_BaseColor.uasset" 1366
"C:/Users/marco/Documents/Unreal Projects/AlienIsolation/Content/_Materials/UV_8/hallway_floor_ceiling_lambert7_BaseColor.uexp" 1367
"C:/Users/marco/Documents/Unreal Projects/AlienIsolation/Content/_Materials/UV_8/UV_8.uasset" 1368
"C:/Users/marco/Documents/Unreal Projects/AlienIsolation/Content/_Materials/UV_8/UV_8.uexp" 1369
"C:/Users/marco/Documents/Unreal Projects/AlienIsolation/Content/_Materials/UV_7/Doors_Doors1_OcclusionRoughnessMetallic.ubulk" 1370
"C:/Users/marco/Documents/Unreal Projects/AlienIsolation/Content/_Materials/UV_7/Doors_Doors1_OcclusionRoughnessMetallic.uasset" 1371
"C:/Users/marco/Documents/Unreal Projects/AlienIsolation/Content/_Materials/UV_7/Doors_Doors1_OcclusionRoughnessMetallic.uexp" 1372
"C:/Users/marco/Documents/Unreal Projects/AlienIsolation/Content/_Materials/UV_7/Doors_Doors1_Normal.ubulk" 1373
"C:/Users/marco/Documents/Unreal Projects/AlienIsolation/Content/_Materials/UV_7/Doors_Doors1_Normal.uasset" 1374
"C:/Users/marco/Documents/Unreal Projects/AlienIsolation/Content/_Materials/UV_7/Doors_Doors1_Normal.uexp" 1375
"C:/Users/marco/Documents/Unreal Projects/AlienIsolation/Content/_Materials/UV_7/Doors_Doors1_BaseColor.ubulk" 1376
"C:/Users/marco/Documents/Unreal Projects/AlienIsolation/Content/_Materials/UV_7/Doors_Doors1_BaseColor.uasset" 1377
"C:/Users/marco/Documents/Unreal Projects/AlienIsolation/Content/_Materials/UV_7/Doors_Doors1_BaseColor.uexp" 1378
"C:/Users/marco/Documents/Unreal Projects/AlienIsolation/Content/_Materials/UV_7/UV_7_Doors.uasset" 1379
"C:/Users/marco/Documents/Unreal Projects/AlienIsolation/Content/_Materials/UV_7/UV_7_Doors.uexp" 1380
"C:/Users/marco/Documents/Unreal Projects/AlienIsolation/Content/_Materials/UV_6/Trim_Plane_M_Trim__OcclusionRoughnessMetallic.ubulk" 1381
"C:/Users/marco/Documents/Unreal Projects/AlienIsolation/Content/_Materials/UV_6/Trim_Plane_M_Trim__OcclusionRoughnessMetallic.uasset" 1382
"C:/Users/marco/Documents/Unreal Projects/AlienIsolation/Content/_Materials/UV_6/Trim_Plane_M_Trim__OcclusionRoughnessMetallic.uexp" 1383
"C:/Users/marco/Documents/Unreal Projects/AlienIsolation/Content/_Materials/UV_6/Trim_Plane_M_Trim__Normal.ubulk" 1384
"C:/Users/marco/Documents/Unreal Projects/AlienIsolation/Content/_Materials/UV_6/Trim_Plane_M_Trim__Normal.uasset" 1385
"C:/Users/marco/Documents/Unreal Projects/AlienIsolation/Content/_Materials/UV_6/Trim_Plane_M_Trim__Normal.uexp" 1386
"C:/Users/marco/Documents/Unreal Projects/AlienIsolation/Content/_Materials/UV_6/Trim_Plane_M_Trim__BaseColor.ubulk" 1387
"C:/Users/marco/Documents/Unreal Projects/AlienIsolation/Content/_Materials/UV_6/Trim_Plane_M_Trim__BaseColor.uasset" 1388
"C:/Users/marco/Documents/Unreal Projects/AlienIsolation/Content/_Materials/UV_6/Trim_Plane_M_Trim__BaseColor.uexp" 1389
"C:/Users/marco/Documents/Unreal Projects/AlienIsolation/Content/_Materials/UV_6/UV_6_Orange_shine.uasset" 1390
"C:/Users/marco/Documents/Unreal Projects/AlienIsolation/Content/_Materials/UV_6/UV_6_Orange_shine.uexp" 1391
"C:/Users/marco/Documents/Unreal Projects/AlienIsolation/Content/_Materials/UV_4/Trim_Plane_M_Trim__OcclusionRoughnessMetallic.ubulk" 1392
"C:/Users/marco/Documents/Unreal Projects/AlienIsolation/Content/_Materials/UV_4/Trim_Plane_M_Trim__OcclusionRoughnessMetallic.uasset" 1393
"C:/Users/marco/Documents/Unreal Projects/AlienIsolation/Content/_Materials/UV_4/Trim_Plane_M_Trim__OcclusionRoughnessMetallic.uexp" 1394
"C:/Users/marco/Documents/Unreal Projects/AlienIsolation/Content/_Materials/UV_4/Trim_Plane_M_Trim__Normal.ubulk" 1395
"C:/Users/marco/Documents/Unreal Projects/AlienIsolation/Content/_Materials/UV_4/Trim_Plane_M_Trim__Normal.uasset" 1396
"C:/Users/marco/Documents/Unreal Projects/AlienIsolation/Content/_Materials/UV_4/Trim_Plane_M_Trim__Normal.uexp" 1397
"C:/Users/marco/Documents/Unreal Projects/AlienIsolation/Content/_Materials/UV_4/Trim_Plane_M_Trim__BaseColor.ubulk" 1398
"C:/Users/marco/Documents/Unreal Projects/AlienIsolation/Content/_Materials/UV_4/Trim_Plane_M_Trim__BaseColor.uasset" 1399
"C:/Users/marco/Documents/Unreal Projects/AlienIsolation/Content/_Materials/UV_4/Trim_Plane_M_Trim__BaseColor.uexp" 1400
"C:/Users/marco/Documents/Unreal Projects/AlienIsolation/Content/_Materials/UV_4/UV_4_White_lowshine.uasset" 1401
"C:/Users/marco/Documents/Unreal Projects/AlienIsolation/Content/_Materials/UV_4/UV_4_White_lowshine.uexp" 1402
"C:/Users/marco/Documents/Unreal Projects/AlienIsolation/Content/_Materials/UV_2/Trim_Plane_M_Trim__OcclusionRoughnessMetallic.ubulk" 1403
"C:/Users/marco/Documents/Unreal Projects/AlienIsolation/Content/_Materials/UV_2/Trim_Plane_M_Trim__OcclusionRoughnessMetallic.uasset" 1404
"C:/Users/marco/Documents/Unreal Projects/AlienIsolation/Content/_Materials/UV_2/Trim_Plane_M_Trim__OcclusionRoughnessMetallic.uexp" 1405
"C:/Users/marco/Documents/Unreal Projects/AlienIsolation/Content/_Materials/UV_2/Trim_Plane_M_Trim__Normal.ubulk" 1406
"C:/Users/marco/Documents/Unreal Projects/AlienIsolation/Content/_Materials/UV_2/Trim_Plane_M_Trim__Normal.uasset" 1407
"C:/Users/marco/Documents/Unreal Projects/AlienIsolation/Content/_Materials/UV_2/Trim_Plane_M_Trim__Normal.uexp" 1408
"C:/Users/marco/Documents/Unreal Projects/AlienIsolation/Content/_Materials/UV_2/Trim_Plane_M_Trim__BaseColor.ubulk" 1409
"C:/Users/marco/Documents/Unreal Projects/AlienIsolation/Content/_Materials/UV_2/Trim_Plane_M_Trim__BaseColor.uasset" 1410
"C:/Users/marco/Documents/Unreal Projects/AlienIsolation/Content/_Materials/UV_2/Trim_Plane_M_Trim__BaseColor.uexp" 1411
"C:/Users/marco/Documents/Unreal Projects/AlienIsolation/Content/_Materials/UV_2/UV_2_OrangeTrim_Black_Padded.uasset" 1412
"C:/Users/marco/Documents/Unreal Projects/AlienIsolation/Content/_Materials/UV_2/UV_2_OrangeTrim_Black_Padded.uexp" 1413
"C:/Users/marco/Documents/Unreal Projects/AlienIsolation/Content/_Materials/UV_2/UV_2_OrangeTrim_Black_Pad.uasset" 1414
"C:/Users/marco/Documents/Unreal Projects/AlienIsolation/Content/_Materials/UV_2/UV_2_OrangeTrim_Black_Pad.uexp" 1415
"C:/Users/marco/Documents/Unreal Projects/AlienIsolation/Content/_Materials/UV_17/Trim_Plane_M_Trim__OcclusionRoughnessMetallic.ubulk" 1416
"C:/Users/marco/Documents/Unreal Projects/AlienIsolation/Content/_Materials/UV_17/Trim_Plane_M_Trim__OcclusionRoughnessMetallic.uasset" 1417
"C:/Users/marco/Documents/Unreal Projects/AlienIsolation/Content/_Materials/UV_17/Trim_Plane_M_Trim__OcclusionRoughnessMetallic.uexp" 1418
"C:/Users/marco/Documents/Unreal Projects/AlienIsolation/Content/_Materials/UV_17/Trim_Plane_M_Trim__Normal.ubulk" 1419
"C:/Users/marco/Documents/Unreal Projects/AlienIsolation/Content/_Materials/UV_17/Trim_Plane_M_Trim__Normal.uasset" 1420
"C:/Users/marco/Documents/Unreal Projects/AlienIsolation/Content/_Materials/UV_17/Trim_Plane_M_Trim__Normal.uexp" 1421
"C:/Users/marco/Documents/Unreal Projects/AlienIsolation/Content/_Materials/UV_17/Trim_Plane_M_Trim__Emissive.ubulk" 1422
"C:/Users/marco/Documents/Unreal Projects/AlienIsolation/Content/_Materials/UV_17/Trim_Plane_M_Trim__Emissive.uasset" 1423
"C:/Users/marco/Documents/Unreal Projects/AlienIsolation/Content/_Materials/UV_17/Trim_Plane_M_Trim__Emissive.uexp" 1424
"C:/Users/marco/Documents/Unreal Projects/AlienIsolation/Content/_Materials/UV_17/Trim_Plane_M_Trim__BaseColor.ubulk" 1425
"C:/Users/marco/Documents/Unreal Projects/AlienIsolation/Content/_Materials/UV_17/Trim_Plane_M_Trim__BaseColor.uasset" 1426
"C:/Users/marco/Documents/Unreal Projects/AlienIsolation/Content/_Materials/UV_17/Trim_Plane_M_Trim__BaseColor.uexp" 1427
"C:/Users/marco/Documents/Unreal Projects/AlienIsolation/Content/_Materials/UV_17/UV_17_Emissive.uasset" 1428
"C:/Users/marco/Documents/Unreal Projects/AlienIsolation/Content/_Materials/UV_17/UV_17_Emissive.uexp" 1429
"C:/Users/marco/Documents/Unreal Projects/AlienIsolation/Content/_Materials/UV_1/Trim_Plane_M_Trim__OcclusionRoughnessMetallic.ubulk" 1430
"C:/Users/marco/Documents/Unreal Projects/AlienIsolation/Content/_Materials/UV_1/Trim_Plane_M_Trim__OcclusionRoughnessMetallic.uasset" 1431
"C:/Users/marco/Documents/Unreal Projects/AlienIsolation/Content/_Materials/UV_1/Trim_Plane_M_Trim__OcclusionRoughnessMetallic.uexp" 1432
"C:/Users/marco/Documents/Unreal Projects/AlienIsolation/Content/_Materials/UV_1/Trim_Plane_M_Trim__Normal.ubulk" 1433
"C:/Users/marco/Documents/Unreal Projects/AlienIsolation/Content/_Materials/UV_1/Trim_Plane_M_Trim__Normal.uasset" 1434
"C:/Users/marco/Documents/Unreal Projects/AlienIsolation/Content/_Materials/UV_1/Trim_Plane_M_Trim__Normal.uexp" 1435
"C:/Users/marco/Documents/Unreal Projects/AlienIsolation/Content/_Materials/UV_1/Trim_Plane_M_Trim__BaseColor.ubulk" 1436
"C:/Users/marco/Documents/Unreal Projects/AlienIsolation/Content/_Materials/UV_1/Trim_Plane_M_Trim__BaseColor.uasset" 1437
"C:/Users/marco/Documents/Unreal Projects/AlienIsolation/Content/_Materials/UV_1/Trim_Plane_M_Trim__BaseColor.uexp" 1438
"C:/Users/marco/Documents/Unreal Projects/AlienIsolation/Content/_Materials/UV_1/UV_1_WhitePolymer.uasset" 1439
"C:/Users/marco/Documents/Unreal Projects/AlienIsolation/Content/_Materials/UV_1/UV_1_WhitePolymer.uexp" 1440
"C:/Users/marco/Documents/Unreal Projects/AlienIsolation/Content/_Models/standardSurface3.uasset" 1441
"C:/Users/marco/Documents/Unreal Projects/AlienIsolation/Content/_Models/standardSurface3.uexp" 1442
"C:/Users/marco/Documents/Unreal Projects/AlienIsolation/Content/_Models/standardSurface23.uasset" 1443
"C:/Users/marco/Documents/Unreal Projects/AlienIsolation/Content/_Models/standardSurface23.uexp" 1444
"C:/Users/marco/Documents/Unreal Projects/AlienIsolation/Content/_Models/standardSurface22.uasset" 1445
"C:/Users/marco/Documents/Unreal Projects/AlienIsolation/Content/_Models/standardSurface22.uexp" 1446
"C:/Users/marco/Documents/Unreal Projects/AlienIsolation/Content/_Models/standardSurface21.uasset" 1447
"C:/Users/marco/Documents/Unreal Projects/AlienIsolation/Content/_Models/standardSurface21.uexp" 1448
"C:/Users/marco/Documents/Unreal Projects/AlienIsolation/Content/_Models/standardSurface20.uasset" 1449
"C:/Users/marco/Documents/Unreal Projects/AlienIsolation/Content/_Models/standardSurface20.uexp" 1450
"C:/Users/marco/Documents/Unreal Projects/AlienIsolation/Content/_Models/Torrens.ubulk" 1451
"C:/Users/marco/Documents/Unreal Projects/AlienIsolation/Content/_Models/Torrens.uasset" 1452
"C:/Users/marco/Documents/Unreal Projects/AlienIsolation/Content/_Models/Torrens.uexp" 1453
"C:/Users/marco/Documents/Unreal Projects/AlienIsolation/Content/_Materials/UV_9_Props_1/CushionTrimSheet_m_props1_BaseColor.ubulk" 1454
"C:/Users/marco/Documents/Unreal Projects/AlienIsolation/Content/_Materials/UV_9_Props_1/CushionTrimSheet_m_props1_BaseColor.uasset" 1455
"C:/Users/marco/Documents/Unreal Projects/AlienIsolation/Content/_Materials/UV_9_Props_1/CushionTrimSheet_m_props1_BaseColor.uexp" 1456
"C:/Users/marco/Documents/Unreal Projects/AlienIsolation/Content/_Materials/UV_9_Props_1/CushionTrimSheet_m_props1_Normal.ubulk" 1457
"C:/Users/marco/Documents/Unreal Projects/AlienIsolation/Content/_Materials/UV_9_Props_1/CushionTrimSheet_m_props1_Normal.uasset" 1458
"C:/Users/marco/Documents/Unreal Projects/AlienIsolation/Content/_Materials/UV_9_Props_1/CushionTrimSheet_m_props1_Normal.uexp" 1459
"C:/Users/marco/Documents/Unreal Projects/AlienIsolation/Content/_Materials/UV_9_Props_1/CushionTrimSheet_m_props1_OcclusionRoughnessMetallic.ubulk" 1460
"C:/Users/marco/Documents/Unreal Projects/AlienIsolation/Content/_Materials/UV_9_Props_1/CushionTrimSheet_m_props1_OcclusionRoughnessMetallic.uasset" 1461
"C:/Users/marco/Documents/Unreal Projects/AlienIsolation/Content/_Materials/UV_9_Props_1/CushionTrimSheet_m_props1_OcclusionRoughnessMetallic.uexp" 1462
"C:/Users/marco/Documents/Unreal Projects/AlienIsolation/Content/_Models/m_props1.uasset" 1463
"C:/Users/marco/Documents/Unreal Projects/AlienIsolation/Content/_Models/m_props1.uexp" 1464
"C:/Users/marco/Documents/Unreal Projects/AlienIsolation/Content/_Models/Suitcase_1.ubulk" 1465
"C:/Users/marco/Documents/Unreal Projects/AlienIsolation/Content/_Models/Suitcase_1.uasset" 1466
"C:/Users/marco/Documents/Unreal Projects/AlienIsolation/Content/_Models/Suitcase_1.uexp" 1467
"C:/Users/marco/Documents/Unreal Projects/AlienIsolation/Content/_Materials/UV_11_Props_3/Crates_m_props3_BaseColor.ubulk" 1468
"C:/Users/marco/Documents/Unreal Projects/AlienIsolation/Content/_Materials/UV_11_Props_3/Crates_m_props3_BaseColor.uasset" 1469
"C:/Users/marco/Documents/Unreal Projects/AlienIsolation/Content/_Materials/UV_11_Props_3/Crates_m_props3_BaseColor.uexp" 1470
"C:/Users/marco/Documents/Unreal Projects/AlienIsolation/Content/_Materials/UV_11_Props_3/Crates_m_props3_Normal.ubulk" 1471
"C:/Users/marco/Documents/Unreal Projects/AlienIsolation/Content/_Materials/UV_11_Props_3/Crates_m_props3_Normal.uasset" 1472
"C:/Users/marco/Documents/Unreal Projects/AlienIsolation/Content/_Materials/UV_11_Props_3/Crates_m_props3_Normal.uexp" 1473
"C:/Users/marco/Documents/Unreal Projects/AlienIsolation/Content/_Materials/UV_11_Props_3/Crates_m_props3_OcclusionRoughnessMetallic.ubulk" 1474
"C:/Users/marco/Documents/Unreal Projects/AlienIsolation/Content/_Materials/UV_11_Props_3/Crates_m_props3_OcclusionRoughnessMetallic.uasset" 1475
"C:/Users/marco/Documents/Unreal Projects/AlienIsolation/Content/_Materials/UV_11_Props_3/Crates_m_props3_OcclusionRoughnessMetallic.uexp" 1476
"C:/Users/marco/Documents/Unreal Projects/AlienIsolation/Content/_Models/m_props3.uasset" 1477
"C:/Users/marco/Documents/Unreal Projects/AlienIsolation/Content/_Models/m_props3.uexp" 1478
"C:/Users/marco/Documents/Unreal Projects/AlienIsolation/Content/_Models/Small_Toolbox.ubulk" 1479
"C:/Users/marco/Documents/Unreal Projects/AlienIsolation/Content/_Models/Small_Toolbox.uasset" 1480
"C:/Users/marco/Documents/Unreal Projects/AlienIsolation/Content/_Models/Small_Toolbox.uexp" 1481
"C:/Users/marco/Documents/Unreal Projects/AlienIsolation/Content/_Models/Prop_Paper.ubulk" 1482
"C:/Users/marco/Documents/Unreal Projects/AlienIsolation/Content/_Models/Prop_Paper.uasset" 1483
"C:/Users/marco/Documents/Unreal Projects/AlienIsolation/Content/_Models/Prop_Paper.uexp" 1484
"C:/Users/marco/Documents/Unreal Projects/AlienIsolation/Content/_Materials/UV_10_Props_2/TrimSheat2_m_props2_BaseColor.ubulk" 1485
"C:/Users/marco/Documents/Unreal Projects/AlienIsolation/Content/_Materials/UV_10_Props_2/TrimSheat2_m_props2_BaseColor.uasset" 1486
"C:/Users/marco/Documents/Unreal Projects/AlienIsolation/Content/_Materials/UV_10_Props_2/TrimSheat2_m_props2_BaseColor.uexp" 1487
"C:/Users/marco/Documents/Unreal Projects/AlienIsolation/Content/_Materials/UV_10_Props_2/TrimSheat2_m_props2_Normal.ubulk" 1488
"C:/Users/marco/Documents/Unreal Projects/AlienIsolation/Content/_Materials/UV_10_Props_2/TrimSheat2_m_props2_Normal.uasset" 1489
"C:/Users/marco/Documents/Unreal Projects/AlienIsolation/Content/_Materials/UV_10_Props_2/TrimSheat2_m_props2_Normal.uexp" 1490
"C:/Users/marco/Documents/Unreal Projects/AlienIsolation/Content/_Materials/UV_10_Props_2/TrimSheat2_m_props2_OcclusionRoughnessMetallic.ubulk" 1491
"C:/Users/marco/Documents/Unreal Projects/AlienIsolation/Content/_Materials/UV_10_Props_2/TrimSheat2_m_props2_OcclusionRoughnessMetallic.uasset" 1492
"C:/Users/marco/Documents/Unreal Projects/AlienIsolation/Content/_Materials/UV_10_Props_2/TrimSheat2_m_props2_OcclusionRoughnessMetallic.uexp" 1493
"C:/Users/marco/Documents/Unreal Projects/AlienIsolation/Content/_Models/m_props2.uasset" 1494
"C:/Users/marco/Documents/Unreal Projects/AlienIsolation/Content/_Models/m_props2.uexp" 1495
"C:/Users/marco/Documents/Unreal Projects/AlienIsolation/Content/_Models/Prop_Magazine.ubulk" 1496
"C:/Users/marco/Documents/Unreal Projects/AlienIsolation/Content/_Models/Prop_Magazine.uasset" 1497
"C:/Users/marco/Documents/Unreal Projects/AlienIsolation/Content/_Models/Prop_Magazine.uexp" 1498
"C:/Users/marco/Documents/Unreal Projects/AlienIsolation/Content/_Models/Props_Trashcan_Small.ubulk" 1499
"C:/Users/marco/Documents/Unreal Projects/AlienIsolation/Content/_Models/Props_Trashcan_Small.uasset" 1500
"C:/Users/marco/Documents/Unreal Projects/AlienIsolation/Content/_Models/Props_Trashcan_Small.uexp" 1501
"C:/Users/marco/Documents/Unreal Projects/AlienIsolation/Content/_Models/Props_Trashcan_Large.ubulk" 1502
"C:/Users/marco/Documents/Unreal Projects/AlienIsolation/Content/_Models/Props_Trashcan_Large.uasset" 1503
"C:/Users/marco/Documents/Unreal Projects/AlienIsolation/Content/_Models/Props_Trashcan_Large.uexp" 1504
"C:/Users/marco/Documents/Unreal Projects/AlienIsolation/Content/_Models/Crate.ubulk" 1505
"C:/Users/marco/Documents/Unreal Projects/AlienIsolation/Content/_Models/Crate.uasset" 1506
"C:/Users/marco/Documents/Unreal Projects/AlienIsolation/Content/_Models/Crate.uexp" 1507
"C:/Users/marco/Documents/Unreal Projects/AlienIsolation/Content/_Models/Computer_Cart3.ubulk" 1508
"C:/Users/marco/Documents/Unreal Projects/AlienIsolation/Content/_Models/Computer_Cart3.uasset" 1509
"C:/Users/marco/Documents/Unreal Projects/AlienIsolation/Content/_Models/Computer_Cart3.uexp" 1510
"C:/Users/marco/Documents/Unreal Projects/AlienIsolation/Content/_Models/Can_1.ubulk" 1511
"C:/Users/marco/Documents/Unreal Projects/AlienIsolation/Content/_Models/Can_1.uasset" 1512
"C:/Users/marco/Documents/Unreal Projects/AlienIsolation/Content/_Models/Can_1.uexp" 1513
"C:/Users/marco/Documents/Unreal Projects/AlienIsolation/Content/_Models/Big_ToolBox.ubulk" 1514
"C:/Users/marco/Documents/Unreal Projects/AlienIsolation/Content/_Models/Big_ToolBox.uasset" 1515
"C:/Users/marco/Documents/Unreal Projects/AlienIsolation/Content/_Models/Big_ToolBox.uexp" 1516
"C:/Users/marco/Documents/Unreal Projects/AlienIsolation/Content/_Models/Bag_1.ubulk" 1517
"C:/Users/marco/Documents/Unreal Projects/AlienIsolation/Content/_Models/Bag_1.uasset" 1518
"C:/Users/marco/Documents/Unreal Projects/AlienIsolation/Content/_Models/Bag_1.uexp" 1519
"C:/Users/marco/Documents/Unreal Projects/AlienIsolation/Content/_Materials/HDRI/desert_planet_close.uasset" 1520
"C:/Users/marco/Documents/Unreal Projects/AlienIsolation/Content/_Materials/HDRI/desert_planet_close.uexp" 1521
"C:/Users/marco/Documents/Unreal Projects/AlienIsolation/Content/_Blueprints/BP_Trigger.uasset" 1522
"C:/Users/marco/Documents/Unreal Projects/AlienIsolation/Content/_Blueprints/BP_Trigger.uexp" 1523
"C:/Users/marco/Documents/Unreal Projects/AlienIsolation/Content/_VFX/Jumpscares/AlienWalkFront/MP_AlienFront_Video_Mat.uasset" 1524
"C:/Users/marco/Documents/Unreal Projects/AlienIsolation/Content/_VFX/Jumpscares/AlienWalkFront/MP_AlienFront_Video_Mat.uexp" 1525
"C:/Users/marco/Documents/Unreal Projects/AlienIsolation/Content/_VFX/Audio/JumpScares/hatch-seal-104129.ubulk" 1526
"C:/Users/marco/Documents/Unreal Projects/AlienIsolation/Content/_VFX/Audio/JumpScares/hatch-seal-104129.uasset" 1527
"C:/Users/marco/Documents/Unreal Projects/AlienIsolation/Content/_VFX/Audio/JumpScares/hatch-seal-104129.uexp" 1528
"C:/Users/marco/Documents/Unreal Projects/AlienIsolation/Content/_VFX/Audio/Xemomorph/Alien_Footsteps_Metal_V3_2_08_-_MattFiler_-_SoundLoadMate_com.ubulk" 1529
"C:/Users/marco/Documents/Unreal Projects/AlienIsolation/Content/_VFX/Audio/Xemomorph/Alien_Footsteps_Metal_V3_2_08_-_MattFiler_-_SoundLoadMate_com.uasset" 1530
"C:/Users/marco/Documents/Unreal Projects/AlienIsolation/Content/_VFX/Audio/Xemomorph/Alien_Footsteps_Metal_V3_2_08_-_MattFiler_-_SoundLoadMate_com.uexp" 1531
"C:/Users/marco/Documents/Unreal Projects/AlienIsolation/Content/_Blueprints/BP_XenomorphFollow.uasset" 1532
"C:/Users/marco/Documents/Unreal Projects/AlienIsolation/Content/_Blueprints/BP_XenomorphFollow.uexp" 1533
"C:/Users/marco/Documents/Unreal Projects/AlienIsolation/Content/_VFX/Jumpscares/MP_Alien_Video_Mat.uasset" 1534
"C:/Users/marco/Documents/Unreal Projects/AlienIsolation/Content/_VFX/Jumpscares/MP_Alien_Video_Mat.uexp" 1535
"C:/Users/marco/Documents/Unreal Projects/AlienIsolation/Content/_VFX/Jumpscares/MP_Alien_Video_Mat_Inst.uasset" 1536
"C:/Users/marco/Documents/Unreal Projects/AlienIsolation/Content/_VFX/Jumpscares/MP_Alien_Video_Mat_Inst.uexp" 1537
"C:/Users/marco/Documents/Unreal Projects/AlienIsolation/Content/_Blueprints/BP_Xenomorph.uasset" 1538
"C:/Users/marco/Documents/Unreal Projects/AlienIsolation/Content/_Blueprints/BP_Xenomorph.uexp" 1539
"C:/Users/marco/Documents/Unreal Projects/AlienIsolation/Content/_Levels/AlienIsolation_Scene.uexp" 1540
"C:/Users/marco/Documents/Unreal Projects/AlienIsolation/Content/_Levels/AlienIsolation_Scene.umap" 1541
"../../../Engine/Content/Maps/Entry_BuiltData.uasset" 1542
"../../../Engine/Content/Maps/Entry_BuiltData.uexp" 1543
"../../../Engine/Content/Maps/Entry.uexp" 1544
"../../../Engine/Content/Maps/Entry.umap" 1545
